shuffled_feature_mean_accuracy,unshuffled_feature_mean_accuracy
0.3407142758369446,0.5974999666213989
0.4132142663002014,
0.34607142210006714,
0.4985714256763458,
0.385357141494751,
0.32249999046325684,
0.3782142698764801,
0.38857144117355347,
0.4128570854663849,
0.35821428894996643,
0.4696428179740906,
