shuffled_feature_mean_accuracy,unshuffled_feature_mean_accuracy
0.3335714340209961,0.6010713577270508
0.39392852783203125,
0.29892855882644653,
0.4771428406238556,
0.38249996304512024,
0.33214282989501953,
0.3732142746448517,
0.38571426272392273,
0.3935714066028595,
0.3692857325077057,
0.4653571844100952,
