shuffled_feature_mean_accuracy,unshuffled_feature_mean_accuracy
0.3074999749660492,0.5757142901420593
0.4014285206794739,
0.3464285731315613,
0.5042856931686401,
0.3442856967449188,
0.38285714387893677,
0.3678571581840515,
0.4025000035762787,
0.41035711765289307,
0.38428565859794617,
0.4871429204940796,
