shuffled_feature_mean_accuracy,unshuffled_feature_mean_accuracy
0.3149999678134918,0.5807142853736877
0.4096427857875824,
0.33714285492897034,
0.4828571081161499,
0.39392855763435364,
0.37035712599754333,
0.38571426272392273,
0.37392857670783997,
0.3924999535083771,
0.37857142090797424,
0.45642855763435364,
