shuffled_feature_mean_accuracy,unshuffled_feature_mean_accuracy
0.3042857050895691,0.5903570652008057
0.42964282631874084,
0.3139285743236542,
0.46642857789993286,
0.3910714089870453,
0.3749999701976776,
0.4017857313156128,
0.40392857789993286,
0.4103570878505707,
0.3767856955528259,
0.47785714268684387,
