shuffled_feature_mean_accuracy,unshuffled_feature_mean_accuracy,shuffled_feature_state_mean_accuracy,unshuffled_feature_state_mean_accuracy
0.9663636088371277,0.9924241900444031,0.39,0.83
0.9833332896232605,,0.73,
0.9860605001449585,,0.6,
0.9904545545578003,,0.72,
0.9834848046302795,,0.725,
0.989393949508667,,0.72,
0.9850000143051147,,0.79,
0.9871212244033813,,0.68,
0.9853028655052185,,0.75,
0.9840908050537109,,0.76,
0.9860605597496033,,0.78,
0.9074243307113647,,0.88,
0.9737878441810608,,0.58,
