shuffled_feature_mean_accuracy,unshuffled_feature_mean_accuracy,shuffled_feature_state_mean_accuracy,unshuffled_feature_state_mean_accuracy
1.0,0.625,1.0,0.5
0.875,,0.8333333333333334,
0.6875,,0.5833333333333333,
0.8125,,0.75,
1.0,,1.0,
0.6875,,0.5833333333333334,
0.8125,,0.75,
0.8125,,0.75,
0.625,,0.5,
0.75,,0.6666666666666666,
0.75,,0.6666666666666666,
0.75,,0.6666666666666666,
0.8125,,0.75,
