shuffled_feature_mean_accuracy,unshuffled_feature_mean_accuracy
0.5676470994949341,0.7335293292999268
0.6435295343399048,
0.6911765336990356,
0.6823530793190002,
0.6652942895889282,
0.6705883145332336,
0.6705881357192993,
0.6970587968826294,
0.671176552772522,
0.6717647314071655,
0.695294201374054,
