shuffled_feature_mean_accuracy,unshuffled_feature_mean_accuracy
0.5847058892250061,0.7264707088470459
0.6617647409439087,
0.6911764740943909,
0.6970590353012085,
0.665882408618927,
0.6629412770271301,
0.6488235592842102,
0.698235273361206,
0.6764705777168274,
0.6711764335632324,
0.7017648220062256,
