shuffled_feature_mean_accuracy,unshuffled_feature_mean_accuracy
0.5800000429153442,0.7176472544670105
0.6558823585510254,
0.6823529005050659,
0.6894118785858154,
0.6594117879867554,
0.6611764430999756,
0.6800000071525574,
0.6888235211372375,
0.6547059416770935,
0.6652941703796387,
0.686470627784729,
