shuffled_feature_mean_accuracy,unshuffled_feature_mean_accuracy
0.5688235759735107,0.7317647337913513
0.6600000858306885,
0.6776471138000488,
0.6764705181121826,
0.6658824682235718,
0.6552941799163818,
0.6641177535057068,
0.6994117498397827,
0.6664706468582153,
0.6547058820724487,
0.6870588660240173,
