shuffled_feature_mean_accuracy,unshuffled_feature_mean_accuracy
0.5923529863357544,0.7341177463531494
0.6705883145332336,
0.6917648315429688,
0.6841177940368652,
0.6511765122413635,
0.6729412078857422,
0.6635294556617737,
0.703529417514801,
0.6705883145332336,
0.6582353711128235,
0.7017647624015808,
