shuffled_feature_mean_accuracy,unshuffled_feature_mean_accuracy
0.3032812476158142,0.4020312428474426
0.45750001072883606,
0.5614062547683716,
0.43187499046325684,
0.45890626311302185,
0.48781248927116394,
0.46421873569488525,
0.3293749988079071,
0.4610937535762787,
0.45390623807907104,
0.45890626311302185,
0.48265624046325684,
