shuffled_feature_mean_accuracy,unshuffled_feature_mean_accuracy
0.30000001192092896,0.3895312547683716
0.46281251311302185,
0.5732812285423279,
0.4281249940395355,
0.44203126430511475,
0.47265625,
0.44359374046325684,
0.32374998927116394,
0.4710937440395355,
0.4664062559604645,
0.46281251311302185,
0.4896875023841858,
