shuffled_feature_mean_accuracy,unshuffled_feature_mean_accuracy
0.29624998569488525,0.4065625071525574
0.46968749165534973,
0.5590624809265137,
0.43437498807907104,
0.44078123569488525,
0.4828124940395355,
0.4673437476158142,
0.32109373807907104,
0.45140624046325684,
0.46656250953674316,
0.45765626430511475,
0.4554687440395355,
