shuffled_feature_mean_accuracy,unshuffled_feature_mean_accuracy
0.30265626311302185,0.42796874046325684
0.4593749940395355,
0.5596874952316284,
0.4309374988079071,
0.4596875011920929,
0.48234376311302185,
0.46578124165534973,
0.3162499964237213,
0.44984376430511475,
0.4556249976158142,
0.45750001072883606,
0.47859373688697815,
