shuffled_feature_mean_accuracy,unshuffled_feature_mean_accuracy
0.3071874976158142,0.39671874046325684
0.4557812511920929,
0.5649999976158142,
0.42671874165534973,
0.4650000035762787,
0.4764062464237213,
0.4417187571525574,
0.3257812559604645,
0.46140626072883606,
0.46390625834465027,
0.45265623927116394,
0.4793750047683716,
