shuffled_feature_mean_accuracy,unshuffled_feature_mean_accuracy
0.74,0.5785714285714285
0.7714285714285714,
0.7385714285714287,
0.7514285714285716,
0.7728571428571429,
0.7799999999999998,
0.7228571428571429,
0.8657142857142855,
0.7428571428571428,
0.79,
0.9085714285714285,
0.7428571428571427,
0.6971428571428572,
