shuffled_feature_mean_accuracy,unshuffled_feature_mean_accuracy
0.7185714285714286,0.5557142857142856
0.7385714285714284,
0.7471428571428572,
0.7671428571428569,
0.7814285714285713,
0.7985714285714284,
0.7557142857142856,
0.88,
0.8057142857142857,
0.7414285714285715,
0.8842857142857141,
0.7714285714285712,
0.7342857142857142,
