shuffled_feature_mean_accuracy,unshuffled_feature_mean_accuracy
0.7099999999999999,0.557142857142857
0.7728571428571428,
0.7614285714285713,
0.7514285714285712,
0.7828571428571429,
0.7828571428571428,
0.7499999999999999,
0.8857142857142857,
0.7614285714285712,
0.7457142857142856,
0.87,
0.7828571428571428,
0.7485714285714287,
