shuffled_feature_mean_accuracy,unshuffled_feature_mean_accuracy
0.7557142857142857,0.57
0.8157142857142857,
0.7799999999999998,
0.7471428571428572,
0.7471428571428571,
0.7728571428571427,
0.7614285714285716,
0.8471428571428571,
0.78,
0.7657142857142857,
0.8757142857142857,
0.7657142857142857,
0.727142857142857,
