shuffled_feature_mean_accuracy,unshuffled_feature_mean_accuracy
0.7057142857142855,0.5885714285714284
0.7714285714285714,
0.7428571428571429,
0.7242857142857143,
0.7642857142857143,
0.7557142857142858,
0.7471428571428571,
0.8528571428571428,
0.7885714285714286,
0.7585714285714285,
0.8485714285714286,
0.7871428571428569,
0.7285714285714283,
