shuffled_feature_mean_accuracy,unshuffled_feature_mean_accuracy
0.6549999713897705,0.925000011920929
0.48500001430511475,
0.4699999988079071,
0.48249998688697815,
0.45249998569488525,
0.42750000953674316,
0.41499999165534973,
0.4925000071525574,
0.45500001311302185,
0.45750001072883606,
0.45249998569488525,
0.5625,
0.4724999964237213,
