shuffled_feature_mean_accuracy,unshuffled_feature_mean_accuracy
0.637499988079071,0.9075000286102295
0.46000000834465027,
0.41749998927116394,
0.4699999988079071,
0.4749999940395355,
0.4074999988079071,
0.5,
0.48249998688697815,
0.4724999964237213,
0.38499999046325684,
0.4424999952316284,
0.5099999904632568,
0.39250001311302185,
