shuffled_feature_mean_accuracy,unshuffled_feature_mean_accuracy
0.675000011920929,0.9275000095367432
0.41499999165534973,
0.4300000071525574,
0.4325000047683716,
0.44999998807907104,
0.3799999952316284,
0.45500001311302185,
0.4950000047683716,
0.46000000834465027,
0.4325000047683716,
0.4350000023841858,
0.5224999785423279,
0.39750000834465027,
