shuffled_feature_mean_accuracy,unshuffled_feature_mean_accuracy
0.6700000166893005,0.8974999785423279
0.42750000953674316,
0.42750000953674316,
0.375,
0.4424999952316284,
0.45750001072883606,
0.4424999952316284,
0.512499988079071,
0.4699999988079071,
0.45249998569488525,
0.4625000059604645,
0.5224999785423279,
0.4424999952316284,
