shuffled_feature_mean_accuracy,unshuffled_feature_mean_accuracy
0.6474999785423279,0.9049999713897705
0.45249998569488525,
0.42750000953674316,
0.4724999964237213,
0.47749999165534973,
0.42250001430511475,
0.4724999964237213,
0.5375000238418579,
0.4625000059604645,
0.41749998927116394,
0.44749999046325684,
0.5799999833106995,
0.4000000059604645,
