shuffled_feature_mean_accuracy,unshuffled_feature_mean_accuracy
0.2261702127659575,0.3765957446808511
0.4476595744680851,
0.6008510638297873,
0.44063829787234043,
0.48234042553191486,
0.46319148936170207,
0.4259574468085107,
0.14978723404255317,
0.4514893617021277,
0.4795744680851064,
0.4470212765957447,
0.28297872340425534,
0.5340425531914893,
