shuffled_feature_mean_accuracy,unshuffled_feature_mean_accuracy
0.2082978723404255,0.3508510638297872
0.46,
0.5806382978723404,
0.45574468085106384,
0.48425531914893627,
0.45787234042553193,
0.4287234042553192,
0.16659574468085103,
0.4736170212765956,
0.45531914893617026,
0.46234042553191496,
0.25787234042553187,
0.512340425531915,
