shuffled_feature_mean_accuracy,unshuffled_feature_mean_accuracy
0.21127659574468086,0.3468085106382979
0.4627659574468085,
0.5770212765957448,
0.4527659574468085,
0.5138297872340426,
0.45361702127659576,
0.4606382978723404,
0.17808510638297875,
0.4663829787234042,
0.46425531914893625,
0.4478723404255319,
0.27744680851063835,
0.5306382978723404,
