shuffled_feature_mean_accuracy,unshuffled_feature_mean_accuracy
0.22851063829787233,0.37340425531914895
0.4742553191489362,
0.5663829787234043,
0.4231914893617021,
0.5019148936170211,
0.4676595744680851,
0.4259574468085107,
0.18872340425531914,
0.46468085106382984,
0.4751063829787235,
0.45425531914893613,
0.27531914893617027,
0.5029787234042553,
