shuffled_feature_mean_accuracy,unshuffled_feature_mean_accuracy
0.22191489361702124,0.3619148936170212
0.45936170212765953,
0.5668085106382977,
0.4470212765957447,
0.48531914893617023,
0.48170212765957454,
0.45787234042553204,
0.14340425531914894,
0.47148936170212763,
0.47914893617021287,
0.4748936170212767,
0.27595744680851064,
0.548936170212766,
