shuffled_feature_mean_accuracy,unshuffled_feature_mean_accuracy
0.7160540819168091,0.9423784017562866
0.8260721564292908,
0.8172432780265808,
0.8141982555389404,
0.842054009437561,
0.7800900936126709,
0.7825224995613098,
0.6345584988594055,
0.8123964071273804,
0.7935674786567688,
0.8206666707992554,
0.9209549427032471,
