shuffled_feature_mean_accuracy,unshuffled_feature_mean_accuracy
0.7020540833473206,0.9446307420730591
0.8087026476860046,
0.8188467621803284,
0.7825945019721985,
0.812486469745636,
0.7505946159362793,
0.8058918714523315,
0.6273693442344666,
0.8036935925483704,
0.8280539512634277,
0.8294775485992432,
0.9104504585266113,
