shuffled_feature_mean_accuracy,unshuffled_feature_mean_accuracy
0.743783712387085,0.932558536529541
0.8506485819816589,
0.8202162981033325,
0.7869369387626648,
0.8241621255874634,
0.8091170787811279,
0.8153332471847534,
0.6416576504707336,
0.8102883100509644,
0.8080180883407593,
0.8075495958328247,
0.9225044846534729,
