shuffled_feature_mean_accuracy,unshuffled_feature_mean_accuracy
0.7588828206062317,0.9424684643745422
0.8611351847648621,
0.8184505701065063,
0.7640179395675659,
0.829081118106842,
0.7789009809494019,
0.7893873453140259,
0.6082161664962769,
0.8210991024971008,
0.8244684338569641,
0.8301441073417664,
0.9080722332000732,
