shuffled_feature_mean_accuracy,unshuffled_feature_mean_accuracy
0.7450269460678101,0.9501621127128601
0.8323243856430054,
0.81333327293396,
0.7986845970153809,
0.8085044026374817,
0.7766666412353516,
0.8218197822570801,
0.6021982431411743,
0.8474233746528625,
0.8341440558433533,
0.7888467907905579,
0.9213153123855591,
