shuffled_feature_mean_accuracy,unshuffled_feature_mean_accuracy
0.3942857142857142,0.5399999999999999
0.6057142857142856,
0.397142857142857,
0.37714285714285717,
0.4771428571428572,
0.5085714285714285,
0.44428571428571423,
0.7171428571428571,
0.6228571428571428,
0.4457142857142857,
0.6728571428571426,
0.4614285714285714,
