shuffled_feature_mean_accuracy,unshuffled_feature_mean_accuracy
0.40571428571428564,0.5514285714285713
0.58,
0.3885714285714284,
0.377142857142857,
0.44,
0.5114285714285715,
0.4214285714285715,
0.7214285714285714,
0.6342857142857143,
0.47142857142857136,
0.6614285714285714,
0.4357142857142856,
