shuffled_feature_mean_accuracy,unshuffled_feature_mean_accuracy
0.3914285714285714,0.5499999999999998
0.5499999999999999,
0.3628571428571428,
0.3257142857142857,
0.4442857142857142,
0.45428571428571424,
0.4699999999999999,
0.7328571428571429,
0.6314285714285713,
0.46,
0.687142857142857,
0.43999999999999995,
