shuffled_feature_mean_accuracy,unshuffled_feature_mean_accuracy
0.4214285714285715,0.5314285714285715
0.5785714285714285,
0.3557142857142857,
0.37857142857142845,
0.4442857142857143,
0.46428571428571425,
0.4485714285714286,
0.68,
0.5785714285714285,
0.45,
0.6328571428571428,
0.45571428571428574,
