shuffled_feature_mean_accuracy,unshuffled_feature_mean_accuracy
0.3685714285714286,0.58
0.5785714285714285,
0.36571428571428555,
0.36857142857142855,
0.4528571428571428,
0.4914285714285714,
0.4942857142857142,
0.6728571428571428,
0.6028571428571429,
0.4485714285714287,
0.6457142857142857,
0.4957142857142856,
