shuffled_feature_mean_accuracy,unshuffled_feature_mean_accuracy
1.0,0.9166666666666667
0.8433333333333333,
0.94,
0.98,
0.9766666666666667,
0.7866666666666667,
0.9733333333333334,
0.94,
0.8933333333333331,
0.9866666666666666,
0.9033333333333333,
