shuffled_feature_mean_accuracy,unshuffled_feature_mean_accuracy
1.0,0.9166666666666667
0.8966666666666666,
0.9833333333333334,
0.97,
0.9733333333333333,
0.7600000000000001,
0.9666666666666666,
0.8833333333333334,
0.8433333333333333,
0.9866666666666666,
0.8433333333333333,
