shuffled_feature_mean_accuracy,unshuffled_feature_mean_accuracy
1.0,0.96
0.8266666666666667,
0.9333333333333335,
0.9733333333333334,
0.9866666666666666,
0.7666666666666667,
0.98,
0.8933333333333333,
0.8433333333333334,
0.9866666666666666,
0.8833333333333333,
