shuffled_feature_mean_accuracy,unshuffled_feature_mean_accuracy
1.0,0.9533333333333335
0.87,
0.97,
0.9766666666666666,
0.99,
0.8266666666666665,
0.99,
0.94,
0.91,
0.9766666666666666,
0.88,
