shuffled_feature_mean_accuracy,unshuffled_feature_mean_accuracy
1.0,0.9333333333333335
0.8433333333333333,
0.9766666666666667,
0.97,
0.9966666666666667,
0.86,
0.9966666666666666,
0.8933333333333333,
0.8833333333333333,
0.9800000000000001,
0.89,
