shuffled_feature_mean_accuracy,unshuffled_feature_mean_accuracy
0.7085714285714285,0.5314285714285714
0.63,
0.4214285714285714,
0.6128571428571429,
0.6171428571428571,
0.6200000000000001,
0.6242857142857143,
0.7171428571428571,
0.61,
0.6114285714285714,
0.6285714285714286,
0.5685714285714286,
0.6614285714285714,
