shuffled_feature_mean_accuracy,unshuffled_feature_mean_accuracy
0.7085714285714285,0.5642857142857143
0.6328571428571429,
0.3871428571428572,
0.6242857142857142,
0.6071428571428572,
0.6242857142857143,
0.6357142857142857,
0.717142857142857,
0.6100000000000001,
0.6185714285714285,
0.6357142857142858,
0.5685714285714286,
0.6171428571428571,
