shuffled_feature_mean_accuracy,unshuffled_feature_mean_accuracy
0.6771428571428573,0.5557142857142856
0.6285714285714286,
0.3857142857142858,
0.6057142857142856,
0.6314285714285715,
0.6242857142857143,
0.6128571428571429,
0.7128571428571426,
0.6185714285714285,
0.63,
0.64,
0.6057142857142856,
0.6514285714285714,
