shuffled_feature_mean_accuracy,unshuffled_feature_mean_accuracy
0.6914285714285713,0.5542857142857143
0.6057142857142858,
0.4014285714285714,
0.5814285714285714,
0.5985714285714286,
0.6442857142857144,
0.6128571428571429,
0.7171428571428567,
0.5957142857142856,
0.6200000000000001,
0.6314285714285713,
0.5942857142857143,
0.6214285714285714,
