shuffled_feature_mean_accuracy,unshuffled_feature_mean_accuracy
0.6957142857142855,0.5557142857142856
0.6242857142857142,
0.3971428571428571,
0.6085714285714287,
0.6171428571428571,
0.6428571428571428,
0.64,
0.7157142857142855,
0.6328571428571428,
0.61,
0.6414285714285713,
0.5857142857142857,
0.6300000000000001,
