shuffled_feature_mean_accuracy,unshuffled_feature_mean_accuracy
0.8900001645088196,0.8629413843154907
0.8862746357917786,
0.922156810760498,
0.8815687298774719,
0.8978431820869446,
0.8921569585800171,
0.8911765217781067,
0.8811765909194946,
0.8809804320335388,
0.8935295343399048,
0.895098090171814,
0.8947058916091919,
0.8723530769348145,
