shuffled_feature_mean_accuracy,unshuffled_feature_mean_accuracy
0.8927451968193054,0.863333523273468
0.8886276483535767,
0.9301960468292236,
0.881960928440094,
0.8964706659317017,
0.88039231300354,
0.8868628144264221,
0.8762746453285217,
0.8847059607505798,
0.8931373357772827,
0.895294189453125,
0.8958824276924133,
0.870980441570282,
