shuffled_feature_mean_accuracy,unshuffled_feature_mean_accuracy
0.8931373357772827,0.8629412651062012
0.8878431916236877,
0.9233333468437195,
0.8829413056373596,
0.893725574016571,
0.8876470923423767,
0.8911765217781067,
0.8719608783721924,
0.8888236284255981,
0.8905884027481079,
0.8886274695396423,
0.8980392217636108,
0.8686275482177734,
