shuffled_feature_mean_accuracy,unshuffled_feature_mean_accuracy
0.8998039960861206,0.8627452850341797
0.8931373357772827,
0.9235295057296753,
0.8794118762016296,
0.8913726806640625,
0.8943138122558594,
0.888039231300354,
0.8792158365249634,
0.8849021196365356,
0.8949020504951477,
0.8884313702583313,
0.895490288734436,
0.8670588731765747,
