shuffled_feature_mean_accuracy,unshuffled_feature_mean_accuracy
0.8886274695396423,0.8639217615127563
0.8888235688209534,
0.912352979183197,
0.8847059607505798,
0.895490288734436,
0.8860784769058228,
0.8886275291442871,
0.8790197968482971,
0.8888235688209534,
0.8911765217781067,
0.8958824276924133,
0.8892157077789307,
0.8684314489364624,
