shuffled_feature_mean_accuracy,unshuffled_feature_mean_accuracy
0.55,0.8700000000000001
0.2733333333333334,
0.23666666666666664,
0.1433333333333333,
0.29000000000000004,
0.22666666666666666,
0.2733333333333333,
0.24666666666666665,
0.25,
0.2366666666666667,
0.2833333333333334,
0.24666666666666665,
