shuffled_feature_mean_accuracy,unshuffled_feature_mean_accuracy
0.59,0.8833333333333333
0.2733333333333334,
0.18999999999999997,
0.15,
0.29666666666666663,
0.1733333333333333,
0.26,
0.21,
0.30666666666666664,
0.27,
0.26,
0.3133333333333333,
