shuffled_feature_mean_accuracy,unshuffled_feature_mean_accuracy
0.49333333333333335,0.89
0.22999999999999995,
0.18333333333333332,
0.16666666666666663,
0.27999999999999997,
0.17999999999999997,
0.3133333333333333,
0.18666666666666665,
0.2733333333333333,
0.22999999999999995,
0.24,
0.24333333333333332,
