shuffled_feature_mean_accuracy,unshuffled_feature_mean_accuracy
0.47666666666666657,0.9166666666666667
0.22333333333333333,
0.13666666666666666,
0.13666666666666666,
0.21000000000000005,
0.24666666666666665,
0.26333333333333336,
0.2333333333333333,
0.2633333333333333,
0.23,
0.22333333333333333,
0.24,
