shuffled_feature_mean_accuracy,unshuffled_feature_mean_accuracy
0.5066666666666666,0.9133333333333333
0.2533333333333333,
0.16333333333333333,
0.10666666666666666,
0.19666666666666666,
0.2,
0.19666666666666666,
0.24666666666666665,
0.30999999999999994,
0.25,
0.23999999999999996,
0.2633333333333333,
