shuffled_feature_mean_accuracy,unshuffled_feature_mean_accuracy
0.8259999999999998,0.53
0.8900000000000001,
0.956,
0.924,
0.82,
0.884,
0.922,
0.922,
0.8760000000000001,
0.8240000000000001,
0.8660000000000001,
0.898,
