shuffled_feature_mean_accuracy,unshuffled_feature_mean_accuracy
0.8460000000000001,0.58
0.8760000000000001,
0.9480000000000001,
0.91,
0.816,
0.884,
0.9,
0.9220000000000002,
0.8380000000000001,
0.8180000000000001,
0.9,
0.8420000000000001,
