shuffled_feature_mean_accuracy,unshuffled_feature_mean_accuracy
0.86,0.5640000000000002
0.852,
0.96,
0.9019999999999999,
0.8240000000000002,
0.9059999999999999,
0.892,
0.9180000000000001,
0.902,
0.8300000000000002,
0.8960000000000002,
0.91,
