shuffled_feature_mean_accuracy,unshuffled_feature_mean_accuracy
0.7800000000000001,0.5660000000000001
0.838,
0.9840000000000001,
0.884,
0.8059999999999999,
0.8859999999999999,
0.8959999999999999,
0.9079999999999999,
0.902,
0.8100000000000002,
0.8959999999999999,
0.8839999999999999,
