shuffled_feature_mean_accuracy,unshuffled_feature_mean_accuracy
0.8499999999999999,0.556
0.894,
0.9540000000000001,
0.8699999999999999,
0.852,
0.882,
0.938,
0.8880000000000001,
0.8180000000000001,
0.8539999999999999,
0.894,
0.9079999999999999,
