shuffled_feature_mean_accuracy,unshuffled_feature_mean_accuracy
0.8633334636688232,0.863137423992157
0.8790197968482971,
0.8552941679954529,
0.8754902482032776,
0.8788236379623413,
0.8807843923568726,
0.8780392408370972,
0.8466668128967285,
0.8754902482032776,
0.8837255835533142,
0.8811765313148499,
0.8366668224334717,
