shuffled_feature_mean_accuracy,unshuffled_feature_mean_accuracy
0.8772549629211426,0.863137423992157
0.8815687298774719,
0.8584314584732056,
0.8800001740455627,
0.8794118762016296,
0.8817646503448486,
0.8823530077934265,
0.8519608974456787,
0.8680393099784851,
0.8800000548362732,
0.8829413056373596,
0.8431373834609985,
