shuffled_feature_mean_accuracy,unshuffled_feature_mean_accuracy
0.8860784769058228,0.8629412651062012
0.8796078562736511,
0.8617648482322693,
0.8756863474845886,
0.8798040747642517,
0.8778431415557861,
0.8831373453140259,
0.8550981879234314,
0.8784313797950745,
0.8809805512428284,
0.8790196776390076,
0.8447059392929077,
