shuffled_feature_mean_accuracy,unshuffled_feature_mean_accuracy
0.8572550415992737,0.8623530864715576
0.8758823871612549,
0.8531373739242554,
0.876274585723877,
0.8807843923568726,
0.8780393004417419,
0.8799999952316284,
0.8529412746429443,
0.8758823871612549,
0.8839216828346252,
0.8835294842720032,
0.8354902863502502,
