shuffled_feature_mean_accuracy,unshuffled_feature_mean_accuracy
0.8837255239486694,0.8625491261482239
0.880196213722229,
0.8578431606292725,
0.8760784864425659,
0.8786275386810303,
0.8766667246818542,
0.878431499004364,
0.8560785055160522,
0.8758823871612549,
0.8754902482032776,
0.8768627643585205,
0.8447060585021973,
