shuffled_feature_mean_accuracy,unshuffled_feature_mean_accuracy
0.966,0.518
1.0,
1.0,
0.98,
0.9940000000000001,
0.9940000000000001,
1.0,
1.0,
0.982,
0.99,
0.998,
