shuffled_feature_mean_accuracy,unshuffled_feature_mean_accuracy
0.9740000000000001,0.5380000000000001
1.0,
0.998,
0.97,
1.0,
0.9880000000000001,
0.998,
0.992,
0.998,
0.998,
0.992,
