shuffled_feature_mean_accuracy,unshuffled_feature_mean_accuracy
0.9840000000000001,0.5220000000000001
1.0,
1.0,
0.976,
0.9940000000000001,
0.98,
0.998,
0.996,
0.988,
0.982,
0.98,
