shuffled_feature_mean_accuracy,unshuffled_feature_mean_accuracy
0.96,0.512
0.998,
1.0,
0.98,
0.998,
0.9819999999999999,
0.996,
1.0,
0.992,
0.9919999999999999,
0.98,
