shuffled_feature_mean_accuracy,unshuffled_feature_mean_accuracy
0.968,0.486
0.98,
1.0,
0.98,
0.996,
0.9940000000000001,
0.998,
0.9940000000000001,
0.996,
1.0,
0.978,
