shuffled_feature_mean_accuracy,unshuffled_feature_mean_accuracy
0.5857142857142856,0.5285714285714286
0.7,
0.7100000000000002,
0.5928571428571429,
0.6514285714285712,
0.6628571428571426,
0.65,
0.7828571428571428,
0.7357142857142855,
0.6628571428571428,
0.7014285714285714,
0.46428571428571425,
