shuffled_feature_mean_accuracy,unshuffled_feature_mean_accuracy
0.5285714285714285,0.48571428571428577
0.72,
0.6742857142857142,
0.6014285714285714,
0.6528571428571428,
0.6785714285714285,
0.6485714285714285,
0.7471428571428571,
0.7371428571428571,
0.6242857142857142,
0.7114285714285713,
0.4228571428571428,
