shuffled_feature_mean_accuracy,unshuffled_feature_mean_accuracy
0.5585714285714285,0.5528571428571428
0.7385714285714284,
0.687142857142857,
0.6028571428571429,
0.6342857142857142,
0.6471428571428571,
0.6242857142857143,
0.7985714285714285,
0.6971428571428572,
0.6357142857142858,
0.6957142857142857,
0.4457142857142857,
