shuffled_feature_mean_accuracy,unshuffled_feature_mean_accuracy
0.5914285714285714,0.54
0.7385714285714287,
0.7085714285714286,
0.6014285714285714,
0.6342857142857143,
0.6242857142857143,
0.6399999999999999,
0.7814285714285714,
0.6971428571428571,
0.6457142857142857,
0.6799999999999998,
0.4428571428571428,
