shuffled_feature_mean_accuracy,unshuffled_feature_mean_accuracy
0.5857142857142857,0.5100000000000001
0.7485714285714284,
0.674285714285714,
0.6071428571428572,
0.6542857142857141,
0.687142857142857,
0.6014285714285714,
0.7857142857142858,
0.7014285714285714,
0.6371428571428571,
0.6857142857142855,
0.4142857142857143,
