shuffled_feature_mean_accuracy,unshuffled_feature_mean_accuracy
0.9137333035469055,0.9405332803726196
0.9425332546234131,
0.9417332410812378,
0.9341332912445068,
0.936799943447113,
0.9451999068260193,
0.9399999976158142,
0.938933253288269,
0.9369332790374756,
0.94159996509552,
0.94159996509552,
0.9118667840957642,
