shuffled_feature_mean_accuracy,unshuffled_feature_mean_accuracy
0.8747999668121338,0.9397332072257996
0.9413332343101501,
0.9441332221031189,
0.9284000396728516,
0.9404000043869019,
0.9446666836738586,
0.9427999258041382,
0.9395999908447266,
0.9393332600593567,
0.9421332478523254,
0.9373332262039185,
0.9149333834648132,
