shuffled_feature_mean_accuracy,unshuffled_feature_mean_accuracy
0.8871999979019165,0.9423999786376953
0.9411999583244324,
0.9430665373802185,
0.9311999678611755,
0.942799985408783,
0.9402665495872498,
0.9423999786376953,
0.9381332397460938,
0.9418666362762451,
0.9377332925796509,
0.9417332410812378,
0.9200000762939453,
