shuffled_feature_mean_accuracy,unshuffled_feature_mean_accuracy
0.8736000061035156,0.9389331936836243
0.9372000098228455,
0.9458665251731873,
0.9350665807723999,
0.9422666430473328,
0.942799985408783,
0.9429332613945007,
0.9349333047866821,
0.9415999054908752,
0.9369332790374756,
0.9418666958808899,
0.9229335188865662,
