shuffled_feature_mean_accuracy,unshuffled_feature_mean_accuracy
0.8723999261856079,0.9395999312400818
0.9410666823387146,
0.9443999528884888,
0.9319999814033508,
0.9334666728973389,
0.943733274936676,
0.9367998242378235,
0.9395999908447266,
0.9414665699005127,
0.9349333047866821,
0.9413334131240845,
0.9220001101493835,
