shuffled_feature_mean_accuracy,unshuffled_feature_mean_accuracy
0.7928571428571429,0.38142857142857145
0.92,
0.9585714285714285,
0.92,
0.9357142857142857,
0.9228571428571428,
0.9271428571428573,
0.9199999999999998,
0.8957142857142856,
0.9357142857142857,
0.9871428571428572,
