shuffled_feature_mean_accuracy,unshuffled_feature_mean_accuracy
0.7728571428571428,0.3585714285714285
0.8871428571428572,
0.9314285714285715,
0.9185714285714286,
0.9157142857142856,
0.9371428571428573,
0.947142857142857,
0.9085714285714285,
0.8928571428571428,
0.927142857142857,
0.9728571428571428,
