shuffled_feature_mean_accuracy,unshuffled_feature_mean_accuracy
0.7728571428571428,0.36285714285714293
0.9042857142857144,
0.8957142857142857,
0.9357142857142857,
0.9357142857142857,
0.9057142857142858,
0.9342857142857142,
0.94,
0.8814285714285713,
0.9328571428571429,
0.9657142857142857,
