shuffled_feature_mean_accuracy,unshuffled_feature_mean_accuracy
0.7942857142857143,0.35857142857142854
0.8657142857142857,
0.9385714285714286,
0.9342857142857142,
0.9285714285714286,
0.9142857142857141,
0.9242857142857143,
0.9185714285714285,
0.8842857142857143,
0.96,
0.9871428571428571,
