shuffled_feature_mean_accuracy,unshuffled_feature_mean_accuracy
0.8,0.39428571428571424
0.9028571428571429,
0.9171428571428573,
0.9428571428571427,
0.9442857142857142,
0.9300000000000002,
0.93,
0.9399999999999998,
0.9028571428571429,
0.9314285714285714,
0.9871428571428571,
