shuffled_feature_mean_accuracy,unshuffled_feature_mean_accuracy
0.7571428571428571,0.7057142857142857
0.7657142857142856,
0.32000000000000006,
0.7100000000000002,
0.7042857142857143,
0.7714285714285712,
0.7842857142857143,
0.9057142857142856,
0.7585714285714286,
0.7614285714285713,
0.7642857142857143,
0.4328571428571428,
