shuffled_feature_mean_accuracy,unshuffled_feature_mean_accuracy
0.7785714285714285,0.7271428571428572
0.6985714285714286,
0.28857142857142853,
0.7485714285714287,
0.7114285714285713,
0.8200000000000002,
0.8014285714285714,
0.8828571428571428,
0.7542857142857144,
0.7214285714285712,
0.7171428571428571,
0.4728571428571429,
