shuffled_feature_mean_accuracy,unshuffled_feature_mean_accuracy
0.7728571428571428,0.7142857142857142
0.7485714285714284,
0.3728571428571428,
0.6957142857142855,
0.7328571428571428,
0.7571428571428572,
0.7914285714285714,
0.8828571428571428,
0.7414285714285714,
0.7328571428571428,
0.7357142857142857,
0.44142857142857145,
