shuffled_feature_mean_accuracy,unshuffled_feature_mean_accuracy
0.75,0.7171428571428571
0.7385714285714287,
0.37857142857142845,
0.7714285714285714,
0.7385714285714287,
0.8214285714285715,
0.7985714285714285,
0.8971428571428571,
0.7514285714285712,
0.7485714285714287,
0.7271428571428572,
0.4257142857142857,
