shuffled_feature_mean_accuracy,unshuffled_feature_mean_accuracy
0.7328571428571428,0.7014285714285714
0.7542857142857141,
0.3885714285714286,
0.7142857142857143,
0.7428571428571427,
0.7957142857142857,
0.7814285714285714,
0.9042857142857141,
0.7514285714285716,
0.7257142857142855,
0.7499999999999999,
0.48,
