shuffled_feature_mean_accuracy,unshuffled_feature_mean_accuracy
0.6575000286102295,0.9225000143051147
0.44999998807907104,
0.3449999988079071,
0.36500000953674316,
0.41999998688697815,
0.4749999940395355,
0.44999998807907104,
0.38999998569488525,
0.4950000047683716,
0.4424999952316284,
0.4675000011920929,
0.4675000011920929,
