shuffled_feature_mean_accuracy,unshuffled_feature_mean_accuracy
0.5950000286102295,0.9075000286102295
0.4675000011920929,
0.39250001311302185,
0.36000001430511475,
0.4399999976158142,
0.4050000011920929,
0.4449999928474426,
0.39250001311302185,
0.4025000035762787,
0.49000000953674316,
0.4925000071525574,
0.42500001192092896,
