shuffled_feature_mean_accuracy,unshuffled_feature_mean_accuracy
0.6025000214576721,0.949999988079071
0.4749999940395355,
0.4124999940395355,
0.3474999964237213,
0.4424999952316284,
0.375,
0.4325000047683716,
0.45750001072883606,
0.44999998807907104,
0.4350000023841858,
0.44749999046325684,
0.47999998927116394,
