shuffled_feature_mean_accuracy,unshuffled_feature_mean_accuracy
0.5724999904632568,0.9449999928474426
0.4749999940395355,
0.4350000023841858,
0.3400000035762787,
0.4025000035762787,
0.39750000834465027,
0.44999998807907104,
0.42500001192092896,
0.4675000011920929,
0.4050000011920929,
0.4449999928474426,
0.4375,
