shuffled_feature_mean_accuracy,unshuffled_feature_mean_accuracy
0.6200000047683716,0.9125000238418579
0.4350000023841858,
0.4300000071525574,
0.3375000059604645,
0.4375,
0.38499999046325684,
0.42500001192092896,
0.44749999046325684,
0.4424999952316284,
0.44749999046325684,
0.4699999988079071,
0.4099999964237213,
