shuffled_feature_mean_accuracy,unshuffled_feature_mean_accuracy
0.9612119793891907,0.9859089851379395
0.9837878346443176,
0.9812120199203491,
0.9818181395530701,
0.985909104347229,
0.9834848046302795,
0.9810605049133301,
0.9783332943916321,
0.984393835067749,
0.988484799861908,
0.981666624546051,
0.7030303478240967,
