shuffled_feature_mean_accuracy,unshuffled_feature_mean_accuracy
0.9625756740570068,0.9849998950958252
0.9831817746162415,
0.9834848046302795,
0.9783332943916321,
0.9843938946723938,
0.9846969842910767,
0.9846968650817871,
0.981515109539032,
0.9851513504981995,
0.9865150451660156,
0.9846969842910767,
0.7204544544219971,
