shuffled_feature_mean_accuracy,unshuffled_feature_mean_accuracy
0.9648484587669373,0.9828787446022034
0.9854544997215271,
0.9840908646583557,
0.9824241399765015,
0.9862120151519775,
0.9825756549835205,
0.9863635897636414,
0.9807575941085815,
0.9839392900466919,
0.9849998950958252,
0.9840908050537109,
0.7209091186523438,
