shuffled_feature_mean_accuracy,unshuffled_feature_mean_accuracy
0.9677271842956543,0.984393835067749
0.9839393496513367,
0.9790908694267273,
0.9798485040664673,
0.9833332896232605,
0.9834848046302795,
0.984393835067749,
0.9806060194969177,
0.9856059551239014,
0.9862120151519775,
0.9834848046302795,
0.6865150928497314,
