shuffled_feature_mean_accuracy,unshuffled_feature_mean_accuracy
0.9607574939727783,0.985151469707489
0.9853028655052185,
0.9827272295951843,
0.9783332943916321,
0.9825756549835205,
0.9859089851379395,
0.9840908050537109,
0.981515109539032,
0.9859089851379395,
0.9862120151519775,
0.9834848046302795,
0.6766666173934937,
