shuffled_feature_mean_accuracy,unshuffled_feature_mean_accuracy
0.93,0.8333333333333333
0.5266666666666666,
0.6233333333333333,
0.37666666666666665,
0.5433333333333333,
0.4266666666666667,
0.4866666666666666,
0.6433333333333333,
0.5099999999999999,
0.68,
0.4733333333333333,
0.8066666666666668,
0.44333333333333336,
