shuffled_feature_mean_accuracy,unshuffled_feature_mean_accuracy
0.9566666666666666,0.8633333333333333
0.46,
0.51,
0.3933333333333333,
0.5566666666666668,
0.43333333333333335,
0.58,
0.6699999999999998,
0.4666666666666666,
0.47,
0.49333333333333335,
0.8133333333333332,
0.42666666666666664,
