shuffled_feature_mean_accuracy,unshuffled_feature_mean_accuracy
0.9633333333333333,0.82
0.5466666666666666,
0.5266666666666666,
0.4266666666666667,
0.5733333333333333,
0.4933333333333333,
0.5433333333333333,
0.6433333333333333,
0.38666666666666666,
0.59,
0.4666666666666666,
0.7833333333333333,
0.5833333333333333,
