shuffled_feature_mean_accuracy,unshuffled_feature_mean_accuracy
0.9433333333333332,0.9033333333333334
0.34,
0.5599999999999999,
0.36333333333333334,
0.5933333333333334,
0.42666666666666664,
0.57,
0.6766666666666667,
0.43,
0.52,
0.5466666666666666,
0.7899999999999998,
0.5133333333333333,
