shuffled_feature_mean_accuracy,unshuffled_feature_mean_accuracy
0.9366666666666668,0.9133333333333334
0.4233333333333333,
0.52,
0.48666666666666664,
0.5333333333333333,
0.32,
0.6533333333333333,
0.65,
0.49666666666666665,
0.58,
0.46,
0.8266666666666665,
0.45333333333333337,
