shuffled_feature_mean_accuracy,unshuffled_feature_mean_accuracy,shuffled_feature_state_mean_accuracy,unshuffled_feature_state_mean_accuracy
0.821969747543335,0.7950000166893005,0.425,0.905
0.892575740814209,,0.79,
0.9515151381492615,,0.795,
0.9290908575057983,,0.775,
0.8742424249649048,,0.835,
0.8787879347801208,,0.825,
0.8830302953720093,,0.885,
0.9651514291763306,,0.655,
0.8900001049041748,,0.825,
0.8793939352035522,,0.815,
0.8893939852714539,,0.84,
0.6848484873771667,,0.765,
