shuffled_feature_mean_accuracy,unshuffled_feature_mean_accuracy,shuffled_feature_state_mean_accuracy,unshuffled_feature_state_mean_accuracy
0.808788001537323,0.8021212220191956,0.37,0.905
0.8974243402481079,,0.815,
0.9546968340873718,,0.775,
0.9222726225852966,,0.815,
0.8822728991508484,,0.74,
0.8766665458679199,,0.85,
0.8936364054679871,,0.81,
0.9645454287528992,,0.61,
0.886212170124054,,0.845,
0.872424304485321,,0.81,
0.8769696950912476,,0.885,
0.7110605835914612,,0.705,
