shuffled_feature_mean_accuracy,unshuffled_feature_mean_accuracy,shuffled_feature_state_mean_accuracy,unshuffled_feature_state_mean_accuracy
0.8045454621315002,0.7996970415115356,0.33,0.915
0.902121365070343,,0.845,
0.9528787732124329,,0.8,
0.927878737449646,,0.775,
0.8810606598854065,,0.85,
0.8851515054702759,,0.815,
0.8795454502105713,,0.85,
0.9719696044921875,,0.63,
0.8960606455802917,,0.805,
0.8728787899017334,,0.775,
0.882121205329895,,0.87,
0.6921212077140808,,0.75,
