shuffled_feature_mean_accuracy,unshuffled_feature_mean_accuracy,shuffled_feature_state_mean_accuracy,unshuffled_feature_state_mean_accuracy
0.7996968626976013,0.8033332824707031,0.415,0.905
0.8971213698387146,,0.83,
0.9481817483901978,,0.775,
0.916515052318573,,0.81,
0.8772727251052856,,0.805,
0.8756060600280762,,0.85,
0.8931819200515747,,0.825,
0.9621211290359497,,0.675,
0.9024242162704468,,0.84,
0.8756060004234314,,0.79,
0.8992424011230469,,0.86,
0.697121262550354,,0.75,
