shuffled_feature_mean_accuracy,unshuffled_feature_mean_accuracy,shuffled_feature_state_mean_accuracy,unshuffled_feature_state_mean_accuracy
0.8193939924240112,0.804394006729126,0.34,0.9
0.8951516151428223,,0.825,
0.9531818628311157,,0.81,
0.9178788065910339,,0.785,
0.8740907907485962,,0.83,
0.8833333849906921,,0.81,
0.8842424750328064,,0.835,
0.9654544591903687,,0.645,
0.8928788900375366,,0.83,
0.89166659116745,,0.81,
0.8874242305755615,,0.855,
0.7113636136054993,,0.82,
