shuffled_feature_mean_accuracy,unshuffled_feature_mean_accuracy
0.9966666666666667,0.9199999999999998
0.9366666666666665,
0.9933333333333333,
1.0,
1.0,
0.9133333333333333,
1.0,
0.9933333333333334,
0.9600000000000002,
1.0,
0.95,
