shuffled_feature_mean_accuracy,unshuffled_feature_mean_accuracy
1.0,0.95
0.9466666666666668,
0.9833333333333334,
1.0,
1.0,
0.9733333333333334,
1.0,
0.99,
0.9466666666666665,
1.0,
0.9366666666666665,
