shuffled_feature_mean_accuracy,unshuffled_feature_mean_accuracy
1.0,0.9233333333333335
0.9533333333333333,
1.0,
1.0,
1.0,
0.9733333333333333,
1.0,
0.9833333333333334,
0.9566666666666666,
1.0,
0.9633333333333333,
