shuffled_feature_mean_accuracy,unshuffled_feature_mean_accuracy
1.0,0.9366666666666665
0.9433333333333332,
0.99,
1.0,
1.0,
0.9566666666666666,
1.0,
0.9866666666666666,
0.92,
1.0,
0.9233333333333333,
