shuffled_feature_mean_accuracy,unshuffled_feature_mean_accuracy
1.0,0.93
0.94,
0.99,
1.0,
1.0,
0.9733333333333333,
1.0,
0.9866666666666666,
0.97,
1.0,
0.9366666666666668,
