shuffled_feature_mean_accuracy,unshuffled_feature_mean_accuracy
0.9566666666666666,0.9833333333333333
0.8066666666666668,
0.9433333333333332,
0.8766666666666667,
0.9033333333333331,
0.77,
0.9266666666666667,
0.93,
0.8233333333333331,
0.9166666666666665,
0.7933333333333333,
0.9699999999999999,
0.97,
