shuffled_feature_mean_accuracy,unshuffled_feature_mean_accuracy
0.9733333333333333,0.9833333333333333
0.82,
0.8400000000000002,
0.9033333333333333,
0.92,
0.7433333333333333,
0.9633333333333334,
0.9533333333333335,
0.7833333333333333,
0.9166666666666667,
0.7766666666666667,
0.9466666666666668,
0.9533333333333333,
