shuffled_feature_mean_accuracy,unshuffled_feature_mean_accuracy
0.9566666666666667,0.9866666666666667
0.8366666666666666,
0.9,
0.9,
0.9699999999999999,
0.66,
0.9133333333333333,
0.93,
0.7933333333333333,
0.92,
0.7833333333333333,
0.9433333333333332,
0.95,
