shuffled_feature_mean_accuracy,unshuffled_feature_mean_accuracy
0.9833333333333334,0.9833333333333333
0.85,
0.8900000000000001,
0.8766666666666667,
0.9333333333333335,
0.6666666666666665,
0.94,
0.9266666666666665,
0.8133333333333335,
0.92,
0.7866666666666667,
0.9633333333333333,
0.9366666666666668,
