shuffled_feature_mean_accuracy,unshuffled_feature_mean_accuracy
0.95,0.9933333333333333
0.8166666666666665,
0.85,
0.8866666666666666,
0.9433333333333332,
0.67,
0.92,
0.9066666666666666,
0.8466666666666666,
0.9166666666666665,
0.8066666666666668,
0.9366666666666665,
0.9666666666666666,
