shuffled_feature_mean_accuracy,unshuffled_feature_mean_accuracy
0.7533333333333334,0.98
0.6199999999999999,
0.48666666666666664,
0.58,
0.7433333333333334,
0.48,
0.79,
0.7166666666666667,
0.6,
0.7266666666666666,
0.5366666666666667,
0.7066666666666666,
