shuffled_feature_mean_accuracy,unshuffled_feature_mean_accuracy
0.78,1.0
0.6233333333333334,
0.5366666666666667,
0.6166666666666667,
0.72,
0.41666666666666663,
0.8133333333333335,
0.68,
0.5833333333333333,
0.6966666666666668,
0.5399999999999999,
0.7266666666666666,
