shuffled_feature_mean_accuracy,unshuffled_feature_mean_accuracy
0.7566666666666667,0.9933333333333333
0.6266666666666666,
0.5433333333333333,
0.5566666666666665,
0.7433333333333333,
0.44,
0.7633333333333333,
0.7366666666666666,
0.6333333333333333,
0.7199999999999999,
0.48,
0.77,
