shuffled_feature_mean_accuracy,unshuffled_feature_mean_accuracy
0.7099999999999999,0.99
0.6266666666666666,
0.5466666666666666,
0.64,
0.7333333333333333,
0.49666666666666665,
0.75,
0.6366666666666667,
0.6399999999999999,
0.7633333333333333,
0.49999999999999994,
0.7333333333333334,
