shuffled_feature_mean_accuracy,unshuffled_feature_mean_accuracy
0.7266666666666666,1.0
0.65,
0.5099999999999999,
0.6233333333333333,
0.72,
0.46333333333333326,
0.7666666666666666,
0.72,
0.6533333333333334,
0.79,
0.4766666666666666,
0.7433333333333334,
