shuffled_feature_mean_accuracy,unshuffled_feature_mean_accuracy
0.9200815558433533,0.5687346458435059
0.649142861366272,
0.7295919060707092,
0.6797142624855042,
0.6426530480384827,
0.6389387845993042,
0.6428163051605225,
0.5637142658233643,
0.6483672857284546,
0.6593061089515686,
0.6587346792221069,
