shuffled_feature_mean_accuracy,unshuffled_feature_mean_accuracy
0.899306058883667,0.569673478603363
0.6536734104156494,
0.7333468794822693,
0.6548570990562439,
0.6543265581130981,
0.6355509757995605,
0.6374285221099854,
0.543550968170166,
0.6401224732398987,
0.6557958722114563,
0.6685714721679688,
