shuffled_feature_mean_accuracy,unshuffled_feature_mean_accuracy
0.9095509052276611,0.5734286308288574
0.6396325826644897,
0.7329795360565186,
0.6773061156272888,
0.6555101871490479,
0.6395918130874634,
0.6459592580795288,
0.5677959322929382,
0.6396326422691345,
0.6492244601249695,
0.6497142910957336,
