shuffled_feature_mean_accuracy,unshuffled_feature_mean_accuracy
0.9148571491241455,0.5840407609939575
0.6458367109298706,
0.7335918545722961,
0.6782450079917908,
0.655183732509613,
0.6483672857284546,
0.6405714154243469,
0.5599183440208435,
0.6500407457351685,
0.6453878283500671,
0.662449061870575,
