shuffled_feature_mean_accuracy,unshuffled_feature_mean_accuracy
0.9137142896652222,0.5740407705307007
0.6494285464286804,
0.725673496723175,
0.6758368015289307,
0.6527755260467529,
0.632938802242279,
0.6502448916435242,
0.5702040791511536,
0.6443673968315125,
0.6557142734527588,
0.6537551283836365,
