shuffled_feature_mean_accuracy,unshuffled_feature_mean_accuracy
0.824999988079071,0.9200000166893005
0.5774999856948853,
0.6875,
0.48750001192092896,
0.6349999904632568,
0.5525000095367432,
0.6474999785423279,
0.5950000286102295,
0.6025000214576721,
0.5649999976158142,
0.6299999952316284,
0.48249998688697815,
