shuffled_feature_mean_accuracy,unshuffled_feature_mean_accuracy
0.8274999856948853,0.9225000143051147
0.6274999976158142,
0.7099999785423279,
0.4950000047683716,
0.5874999761581421,
0.5425000190734863,
0.637499988079071,
0.6274999976158142,
0.5450000166893005,
0.6050000190734863,
0.5950000286102295,
0.4325000047683716,
