shuffled_feature_mean_accuracy,unshuffled_feature_mean_accuracy
0.8324999809265137,0.9474999904632568
0.5774999856948853,
0.7174999713897705,
0.5325000286102295,
0.5774999856948853,
0.5674999952316284,
0.6324999928474426,
0.6424999833106995,
0.5874999761581421,
0.5849999785423279,
0.625,
0.4724999964237213,
