shuffled_feature_mean_accuracy,unshuffled_feature_mean_accuracy
0.8399999737739563,0.9200000166893005
0.5774999856948853,
0.7599999904632568,
0.5375000238418579,
0.6150000095367432,
0.5600000023841858,
0.6025000214576721,
0.6150000095367432,
0.6349999904632568,
0.5849999785423279,
0.6225000023841858,
0.42250001430511475,
