shuffled_feature_mean_accuracy,unshuffled_feature_mean_accuracy
0.8274999856948853,0.8824999928474426
0.5699999928474426,
0.6675000190734863,
0.5375000238418579,
0.6150000095367432,
0.5699999928474426,
0.6825000047683716,
0.6299999952316284,
0.6100000143051147,
0.6274999976158142,
0.5924999713897705,
0.46000000834465027,
