shuffled_feature_mean_accuracy,unshuffled_feature_mean_accuracy,shuffled_feature_state_mean_accuracy,unshuffled_feature_state_mean_accuracy
0.96875,1.0,0.9166666666666666,1.0
1.0,,1.0,
0.96875,,0.9166666666666666,
1.0,,1.0,
1.0,,1.0,
0.96875,,0.9166666666666666,
1.0,,1.0,
0.96875,,0.9166666666666666,
1.0,,1.0,
1.0,,1.0,
0.96875,,0.9166666666666666,
1.0,,1.0,
0.96875,,0.9166666666666666,
