shuffled_feature_mean_accuracy,unshuffled_feature_mean_accuracy
1.0,0.9981818181818182
0.999090909090909,
0.9918181818181817,
1.0,
1.0,
1.0,
1.0,
0.9754545454545455,
0.9981818181818182,
1.0,
0.999090909090909,
0.9236363636363636,
0.9672727272727272,
