shuffled_feature_mean_accuracy,unshuffled_feature_mean_accuracy
1.0,1.0
1.0,
0.9872727272727273,
0.9981818181818182,
1.0,
0.9981818181818182,
1.0,
0.98,
0.999090909090909,
1.0,
0.9981818181818182,
0.9281818181818182,
0.9618181818181819,
