shuffled_feature_mean_accuracy,unshuffled_feature_mean_accuracy
1.0,1.0
1.0,
0.9945454545454546,
1.0,
1.0,
0.999090909090909,
0.9981818181818182,
0.9727272727272728,
0.9972727272727272,
0.9981818181818182,
0.9981818181818182,
0.9109090909090908,
0.9609090909090909,
