shuffled_feature_mean_accuracy,unshuffled_feature_mean_accuracy
1.0,0.9972727272727272
0.999090909090909,
0.9954545454545455,
0.9963636363636362,
0.9981818181818182,
0.9981818181818182,
0.999090909090909,
0.9818181818181819,
0.999090909090909,
1.0,
0.9981818181818182,
0.9281818181818182,
0.96,
