shuffled_feature_mean_accuracy,unshuffled_feature_mean_accuracy
1.0,0.999090909090909
1.0,
0.990909090909091,
1.0,
1.0,
0.9981818181818182,
0.999090909090909,
0.980909090909091,
0.9981818181818182,
1.0,
0.999090909090909,
0.9354545454545453,
0.9690909090909091,
