fastRELIC_accuracy,fastRELIC_average,State_Register_accuracy,State_Register_average
0.75,0.845,1.0,0.9933333333333334
1.0,,1.0,
1.0,,1.0,
1.0,,1.0,
0.75,,1.0,
1.0,,1.0,
1.0,,1.0,
1.0,,1.0,
0.75,,1.0,
0.75,,1.0,
0.75,,1.0,
0.75,,1.0,
0.75,,1.0,
1.0,,1.0,
0.75,,1.0,
0.75,,1.0,
0.75,,1.0,
1.0,,1.0,
0.75,,1.0,
1.0,,1.0,
0.75,,1.0,
1.0,,1.0,
0.75,,1.0,
1.0,,1.0,
0.75,,1.0,
1.0,,1.0,
0.75,,1.0,
0.75,,1.0,
1.0,,1.0,
1.0,,1.0,
0.5,,0.3333333333333333,
0.75,,1.0,
1.0,,1.0,
0.75,,1.0,
0.75,,1.0,
1.0,,1.0,
1.0,,1.0,
1.0,,1.0,
0.75,,1.0,
0.75,,1.0,
0.75,,1.0,
0.75,,1.0,
0.75,,1.0,
1.0,,1.0,
0.75,,1.0,
0.75,,1.0,
0.75,,1.0,
0.75,,1.0,
1.0,,1.0,
1.0,,1.0,
0.75,,1.0,
1.0,,1.0,
0.75,,1.0,
1.0,,1.0,
0.75,,1.0,
1.0,,1.0,
0.75,,1.0,
0.75,,1.0,
0.75,,1.0,
0.75,,1.0,
0.75,,1.0,
0.75,,1.0,
1.0,,1.0,
0.75,,1.0,
1.0,,1.0,
0.75,,1.0,
0.75,,1.0,
0.75,,1.0,
1.0,,1.0,
0.75,,1.0,
1.0,,1.0,
1.0,,1.0,
0.75,,1.0,
0.75,,1.0,
0.75,,1.0,
1.0,,1.0,
0.75,,1.0,
0.75,,1.0,
1.0,,1.0,
1.0,,1.0,
1.0,,1.0,
1.0,,1.0,
0.75,,1.0,
0.75,,1.0,
0.75,,1.0,
1.0,,1.0,
0.75,,1.0,
0.75,,1.0,
1.0,,1.0,
1.0,,1.0,
0.75,,1.0,
0.75,,1.0,
0.75,,1.0,
0.75,,1.0,
0.75,,1.0,
0.75,,1.0,
0.75,,1.0,
0.75,,1.0,
1.0,,1.0,
1.0,,1.0,
