shuffled_feature_mean_accuracy,unshuffled_feature_mean_accuracy
0.412,0.38799999999999996
0.47800000000000004,
0.42200000000000004,
0.39600000000000013,
0.44600000000000006,
0.582,
0.43400000000000005,
0.752,
0.502,
0.44599999999999995,
0.478,
0.924,
