shuffled_feature_mean_accuracy,unshuffled_feature_mean_accuracy
0.442,0.35200000000000004
0.46399999999999997,
0.43400000000000005,
0.45400000000000007,
0.42400000000000015,
0.564,
0.506,
0.7859999999999999,
0.49200000000000005,
0.42800000000000005,
0.494,
0.866,
