shuffled_feature_mean_accuracy,unshuffled_feature_mean_accuracy
0.34,0.30800000000000005
0.528,
0.47,
0.43000000000000005,
0.462,
0.5720000000000001,
0.48400000000000004,
0.77,
0.512,
0.456,
0.508,
0.88,
