shuffled_feature_mean_accuracy,unshuffled_feature_mean_accuracy
0.414,0.34600000000000003
0.4859999999999999,
0.4000000000000001,
0.3920000000000001,
0.514,
0.5939999999999999,
0.5139999999999999,
0.7080000000000001,
0.442,
0.45400000000000007,
0.484,
0.9,
