shuffled_feature_mean_accuracy,unshuffled_feature_mean_accuracy
0.41,0.33399999999999996
0.482,
0.40800000000000014,
0.4100000000000001,
0.42400000000000004,
0.6039999999999999,
0.48200000000000004,
0.722,
0.4779999999999999,
0.41200000000000003,
0.44400000000000006,
0.89,
