shuffled_feature_mean_accuracy,unshuffled_feature_mean_accuracy,shuffled_feature_state_mean_accuracy,unshuffled_feature_state_mean_accuracy
0.6552941203117371,0.8041176795959473,0.8175,0.81
0.8111764788627625,,0.6525,
0.7776470184326172,,0.77,
0.8194117546081543,,0.7675,
0.7894118428230286,,0.7375,
0.7623530626296997,,0.6975,
0.8076469898223877,,0.78,
0.8064706921577454,,0.7225,
0.8000001311302185,,0.6475,
0.7964706420898438,,0.755,
0.8211765289306641,,0.78,
0.7223529815673828,,0.9625,
