shuffled_feature_mean_accuracy,unshuffled_feature_mean_accuracy,shuffled_feature_state_mean_accuracy,unshuffled_feature_state_mean_accuracy
0.6611764430999756,0.7858823537826538,0.795,0.8675
0.7988235950469971,,0.6275,
0.777647078037262,,0.795,
0.7964704632759094,,0.7325,
0.8047058582305908,,0.705,
0.7529411315917969,,0.6975,
0.8052942156791687,,0.7625,
0.8005883097648621,,0.7725,
0.7958823442459106,,0.7025,
0.801764726638794,,0.7175,
0.8182352185249329,,0.7375,
0.7317647337913513,,0.9725,
