shuffled_feature_mean_accuracy,unshuffled_feature_mean_accuracy,shuffled_feature_state_mean_accuracy,unshuffled_feature_state_mean_accuracy
0.6647058129310608,0.7905883193016052,0.775,0.875
0.801764726638794,,0.6125,
0.7923529744148254,,0.7375,
0.8094117641448975,,0.7375,
0.8005883097648621,,0.69,
0.7682353854179382,,0.6875,
0.8041176795959473,,0.725,
0.8070588707923889,,0.7625,
0.8064706325531006,,0.6925,
0.7811765074729919,,0.655,
0.8288235664367676,,0.83,
0.7335294485092163,,0.975,
