shuffled_feature_mean_accuracy,unshuffled_feature_mean_accuracy,shuffled_feature_state_mean_accuracy,unshuffled_feature_state_mean_accuracy
0.6582353115081787,0.7788236141204834,0.82,0.8525
0.7958823442459106,,0.67,
0.7647058963775635,,0.7675,
0.7988235950469971,,0.745,
0.792941153049469,,0.7525,
0.7823529839515686,,0.71,
0.8035294413566589,,0.7,
0.8076471090316772,,0.79,
0.7958822846412659,,0.66,
0.7941176891326904,,0.7475,
0.8164706230163574,,0.7825,
0.7205883264541626,,0.99,
