shuffled_feature_mean_accuracy,unshuffled_feature_mean_accuracy,shuffled_feature_state_mean_accuracy,unshuffled_feature_state_mean_accuracy
0.6641176342964172,0.775882363319397,0.7725,0.8625
0.7941177487373352,,0.605,
0.7770588397979736,,0.73,
0.8076471090316772,,0.8225,
0.8047058582305908,,0.7775,
0.7658824920654297,,0.745,
0.7847059369087219,,0.685,
0.8176470994949341,,0.7525,
0.8023529648780823,,0.6675,
0.7988235354423523,,0.7275,
0.8158823251724243,,0.7825,
0.7370588779449463,,0.97,
