shuffled_feature_mean_accuracy,unshuffled_feature_mean_accuracy
0.7800000000000001,0.9066666666666667
0.42,
0.58,
0.31999999999999995,
0.37666666666666665,
0.31666666666666665,
0.5433333333333333,
0.47,
0.5133333333333333,
0.43666666666666665,
0.5266666666666667,
0.24999999999999997,
