shuffled_feature_mean_accuracy,unshuffled_feature_mean_accuracy
0.7666666666666667,0.9
0.3933333333333334,
0.5866666666666666,
0.37000000000000005,
0.4599999999999999,
0.40666666666666673,
0.3500000000000001,
0.5099999999999999,
0.45666666666666667,
0.4266666666666667,
0.44666666666666666,
0.34333333333333327,
