shuffled_feature_mean_accuracy,unshuffled_feature_mean_accuracy
0.7733333333333333,0.8633333333333334
0.4766666666666666,
0.6533333333333334,
0.36,
0.43,
0.33,
0.5533333333333332,
0.5366666666666667,
0.42666666666666664,
0.46,
0.45333333333333337,
0.29666666666666663,
