shuffled_feature_mean_accuracy,unshuffled_feature_mean_accuracy
0.8066666666666664,0.8633333333333334
0.36333333333333345,
0.6833333333333332,
0.25666666666666665,
0.43333333333333335,
0.4133333333333333,
0.5399999999999999,
0.5233333333333333,
0.45,
0.4233333333333333,
0.43,
0.25999999999999995,
