shuffled_feature_mean_accuracy,unshuffled_feature_mean_accuracy
0.7733333333333333,0.88
0.40333333333333327,
0.5566666666666666,
0.2733333333333333,
0.48999999999999994,
0.38,
0.5433333333333333,
0.5033333333333333,
0.41999999999999993,
0.4333333333333333,
0.55,
0.2733333333333333,
