shuffled_feature_mean_accuracy,unshuffled_feature_mean_accuracy
0.8947567939758301,0.9657118320465088
0.9325405955314636,
0.9776036143302917,
0.8926486372947693,
0.9420180320739746,
0.9332252740859985,
0.9158018231391907,
0.8555496335029602,
0.9463064074516296,
0.9184144735336304,
0.926288366317749,
0.9134595394134521,
