shuffled_feature_mean_accuracy,unshuffled_feature_mean_accuracy
0.9086667895317078,0.9563063979148865
0.9331712126731873,
0.9788289070129395,
0.9102702140808105,
0.9311171174049377,
0.9434955716133118,
0.9268648624420166,
0.8817658424377441,
0.9525765180587769,
0.9379099011421204,
0.9347927570343018,
0.871009111404419,
