shuffled_feature_mean_accuracy,unshuffled_feature_mean_accuracy
0.8961260914802551,0.9587026238441467
0.9486126899719238,
0.97960364818573,
0.9103423357009888,
0.9299638867378235,
0.9379820227622986,
0.9198198914527893,
0.8768828511238098,
0.9389729499816895,
0.9277657866477966,
0.9330270290374756,
0.9167748093605042,
