shuffled_feature_mean_accuracy,unshuffled_feature_mean_accuracy
0.898936927318573,0.9610991477966309
0.9381260871887207,
0.9791711568832397,
0.9041081070899963,
0.9190990328788757,
0.9280180931091309,
0.9027387499809265,
0.8686847686767578,
0.9498558640480042,
0.9240180850028992,
0.9279639720916748,
0.8839100003242493,
