shuffled_feature_mean_accuracy,unshuffled_feature_mean_accuracy
0.8899460434913635,0.9674955606460571
0.9394954442977905,
0.980792760848999,
0.893873929977417,
0.9134775400161743,
0.945603609085083,
0.9238918423652649,
0.8768108487129211,
0.9381080865859985,
0.9370990991592407,
0.9401441216468811,
0.8775855898857117,
