shuffled_feature_mean_accuracy,unshuffled_feature_mean_accuracy
0.8594954609870911,0.9705766439437866
0.6875675320625305,
0.8510991930961609,
0.6831712126731873,
0.6299819350242615,
0.6909550428390503,
0.6397297382354736,
0.3000360429286957,
0.6376216411590576,
0.6487026810646057,
0.7689729332923889,
