shuffled_feature_mean_accuracy,unshuffled_feature_mean_accuracy
0.8242883086204529,0.9749910831451416
0.7246847748756409,
0.8196215629577637,
0.7108649611473083,
0.570558488368988,
0.6359639167785645,
0.6069189310073853,
0.2885946035385132,
0.7308108806610107,
0.5913873910903931,
0.7601982355117798,
