shuffled_feature_mean_accuracy,unshuffled_feature_mean_accuracy
0.839297354221344,0.9800360798835754
0.6729910373687744,
0.8048649430274963,
0.700918972492218,
0.5815495252609253,
0.6318559050559998,
0.6366486549377441,
0.31852251291275024,
0.7611351609230042,
0.6395314931869507,
0.7157296538352966,
