shuffled_feature_mean_accuracy,unshuffled_feature_mean_accuracy
0.8273513913154602,0.974810779094696
0.6737297773361206,
0.7921621203422546,
0.7180900573730469,
0.5742703080177307,
0.6727927923202515,
0.6476036310195923,
0.27987387776374817,
0.6652072072029114,
0.5689549446105957,
0.741909921169281,
