shuffled_feature_mean_accuracy,unshuffled_feature_mean_accuracy
0.8327927589416504,0.9727027416229248
0.6773334741592407,
0.7912431955337524,
0.7217838764190674,
0.6095495820045471,
0.6787747144699097,
0.6416396498680115,
0.29012611508369446,
0.7036757469177246,
0.5917657017707825,
0.7306486368179321,
