shuffled_feature_mean_accuracy,unshuffled_feature_mean_accuracy
0.9780000448226929,0.9599999785423279
0.9619999527931213,
0.9800000190734863,
0.9900000095367432,
0.9959999918937683,
0.9660000801086426,
0.9900000095367432,
0.9919999837875366,
0.9559999704360962,
0.9939999580383301,
0.9520000219345093,
