shuffled_feature_mean_accuracy,unshuffled_feature_mean_accuracy
0.9760000109672546,0.9720001220703125
0.9599999785423279,
0.9800000190734863,
0.9940000176429749,
0.9959999918937683,
0.9700000286102295,
0.9980000257492065,
0.9819999933242798,
0.949999988079071,
0.9940000176429749,
0.9180000424385071,
