shuffled_feature_mean_accuracy,unshuffled_feature_mean_accuracy
0.9700000286102295,0.965999960899353
0.9540001153945923,
0.9880000352859497,
0.9760000705718994,
1.0,
0.9800000190734863,
0.9919999837875366,
0.9779999256134033,
0.9440000653266907,
0.9980000257492065,
0.9580000042915344,
