shuffled_feature_mean_accuracy,unshuffled_feature_mean_accuracy
0.9820000529289246,0.9419999718666077
0.9519999623298645,
0.9940000176429749,
0.9919999837875366,
0.9980000257492065,
0.9679999351501465,
0.9899999499320984,
0.9719999432563782,
0.9540001153945923,
0.9980000257492065,
0.9399999976158142,
