shuffled_feature_mean_accuracy,unshuffled_feature_mean_accuracy
0.9700000286102295,0.9480000138282776
0.9440000057220459,
0.984000027179718,
0.9939999580383301,
0.9900000095367432,
0.9780000448226929,
0.9860000014305115,
0.9860000610351562,
0.9480000138282776,
1.0,
0.9540001153945923,
