shuffled_feature_mean_accuracy,unshuffled_feature_mean_accuracy
0.7580407857894897,0.6018775105476379
0.5970203876495361,
0.618571400642395,
0.570489764213562,
0.6103672981262207,
0.598081648349762,
0.6025306582450867,
0.5515510439872742,
0.6109795570373535,
0.5926530957221985,
0.6114286184310913,
0.5540000200271606,
0.6443673968315125,
