shuffled_feature_mean_accuracy,unshuffled_feature_mean_accuracy
0.7304897904396057,0.6091427803039551
0.606040894985199,
0.6092245578765869,
0.6012653708457947,
0.5882041454315186,
0.5888163447380066,
0.5993877649307251,
0.548530638217926,
0.6018366813659668,
0.5889796018600464,
0.6150612235069275,
0.5615102052688599,
0.6331428289413452,
