shuffled_feature_mean_accuracy,unshuffled_feature_mean_accuracy
0.750449001789093,0.6064489483833313
0.6028571128845215,
0.6033061146736145,
0.5715510845184326,
0.5943265557289124,
0.5984081625938416,
0.5801632404327393,
0.546000063419342,
0.6071428656578064,
0.5932244658470154,
0.6228571534156799,
0.566897988319397,
0.6316326260566711,
