shuffled_feature_mean_accuracy,unshuffled_feature_mean_accuracy
0.7303673624992371,0.6049795746803284
0.5977959632873535,
0.6035918593406677,
0.5937959551811218,
0.6000000238418579,
0.6041224598884583,
0.5964898467063904,
0.5618775486946106,
0.612612247467041,
0.5791428089141846,
0.6110612750053406,
0.5853877663612366,
0.6264489889144897,
