shuffled_feature_mean_accuracy,unshuffled_feature_mean_accuracy
0.7644490003585815,0.6044490337371826
0.6115918159484863,
0.6006530523300171,
0.5937143564224243,
0.6075918674468994,
0.5879999995231628,
0.6024490594863892,
0.5420408248901367,
0.6076326966285706,
0.5922449231147766,
0.5943673253059387,
0.571591854095459,
0.6302856802940369,
