shuffled_feature_mean_accuracy,unshuffled_feature_mean_accuracy
0.4014285714285714,0.37999999999999995
0.4028571428571428,
0.40571428571428564,
0.29285714285714287,
0.38857142857142857,
0.3728571428571428,
0.4342857142857142,
0.36999999999999994,
0.3857142857142857,
0.31,
0.36,
0.2214285714285714,
