shuffled_feature_mean_accuracy,unshuffled_feature_mean_accuracy
0.36714285714285716,0.3614285714285714
0.3842857142857142,
0.41428571428571426,
0.32714285714285707,
0.34571428571428564,
0.3928571428571428,
0.35571428571428565,
0.35428571428571415,
0.38428571428571423,
0.31571428571428567,
0.4057142857142857,
0.17285714285714285,
