shuffled_feature_mean_accuracy,unshuffled_feature_mean_accuracy
0.38714285714285707,0.31714285714285706
0.3957142857142857,
0.4142857142857143,
0.3328571428571428,
0.30142857142857143,
0.36285714285714277,
0.41142857142857137,
0.357142857142857,
0.3928571428571428,
0.31285714285714283,
0.38285714285714284,
0.23857142857142855,
