shuffled_feature_mean_accuracy,unshuffled_feature_mean_accuracy
0.38857142857142857,0.3585714285714286
0.3742857142857142,
0.4214285714285713,
0.32285714285714284,
0.3314285714285714,
0.3500000000000001,
0.36999999999999994,
0.37285714285714283,
0.3828571428571428,
0.3357142857142857,
0.3485714285714285,
0.16714285714285712,
