shuffled_feature_mean_accuracy,unshuffled_feature_mean_accuracy
0.35857142857142854,0.3442857142857143
0.34428571428571425,
0.43428571428571433,
0.29,
0.35857142857142854,
0.36857142857142855,
0.35571428571428576,
0.3414285714285713,
0.38428571428571423,
0.34857142857142853,
0.3357142857142857,
0.1857142857142857,
