shuffled_feature_mean_accuracy,unshuffled_feature_mean_accuracy
0.3499999940395355,0.5393750071525574
0.5137500166893005,
0.6395312547683716,
0.4898437559604645,
0.5350000262260437,
0.5467187762260437,
0.5074999928474426,
0.35234373807907104,
0.5239062309265137,
0.5315625071525574,
0.5335937738418579,
0.40828123688697815,
0.5329687595367432,
