shuffled_feature_mean_accuracy,unshuffled_feature_mean_accuracy
0.3631249964237213,0.5439062714576721
0.5159375071525574,
0.6478124856948853,
0.508593738079071,
0.5170312523841858,
0.5446875095367432,
0.5029687285423279,
0.3526562452316284,
0.515625,
0.5246875286102295,
0.534375011920929,
0.4192187488079071,
0.526562511920929,
