shuffled_feature_mean_accuracy,unshuffled_feature_mean_accuracy
0.36140623688697815,0.5389062762260437
0.5335937738418579,
0.6293749809265137,
0.5074999928474426,
0.5439062714576721,
0.5423437356948853,
0.4921875,
0.34593749046325684,
0.5045312643051147,
0.5332812666893005,
0.547656238079071,
0.4098437428474426,
0.5453125238418579,
