shuffled_feature_mean_accuracy,unshuffled_feature_mean_accuracy
0.3634375035762787,0.5253124833106995
0.5142187476158142,
0.6321874856948853,
0.5206249952316284,
0.5284374952316284,
0.514843761920929,
0.5090625286102295,
0.3425000011920929,
0.5231249928474426,
0.5270312428474426,
0.5387499928474426,
0.4115625023841858,
0.5353124737739563,
