shuffled_feature_mean_accuracy,unshuffled_feature_mean_accuracy
0.3462499976158142,0.5520312786102295
0.5121874809265137,
0.6245312690734863,
0.5090625286102295,
0.5206249952316284,
0.5345312356948853,
0.49000000953674316,
0.3400000035762787,
0.5174999833106995,
0.5353124737739563,
0.5367187261581421,
0.4046874940395355,
0.5249999761581421,
