shuffled_feature_mean_accuracy,unshuffled_feature_mean_accuracy
0.3006249964237213,0.4284375011920929
0.5607812404632568,
0.7004687786102295,
0.6273437738418579,
0.5406249761581421,
0.6034374833106995,
0.5446875095367432,
0.4025000035762787,
0.5674999952316284,
0.5506250262260437,
0.6154687404632568,
