shuffled_feature_mean_accuracy,unshuffled_feature_mean_accuracy
0.2878125011920929,0.44328126311302185
0.5570312738418579,
0.7035937309265137,
0.612500011920929,
0.538281261920929,
0.5765625238418579,
0.5448437333106995,
0.40531250834465027,
0.5667187571525574,
0.5590624809265137,
0.6343749761581421,
