shuffled_feature_mean_accuracy,unshuffled_feature_mean_accuracy
0.3006249964237213,0.41609373688697815
0.5726562738418579,
0.6956250071525574,
0.6165624856948853,
0.5364062786102295,
0.592968761920929,
0.5610937476158142,
0.4137499928474426,
0.5717187523841858,
0.5189062356948853,
0.6114062666893005,
