shuffled_feature_mean_accuracy,unshuffled_feature_mean_accuracy
0.2993749976158142,0.4339062571525574
0.5754687786102295,
0.70703125,
0.6303125023841858,
0.5612499713897705,
0.58203125,
0.5556250214576721,
0.4142187535762787,
0.5629687309265137,
0.55078125,
0.6107812523841858,
