shuffled_feature_mean_accuracy,unshuffled_feature_mean_accuracy
0.29781249165534973,0.4609375
0.5703125,
0.698437511920929,
0.6173437237739563,
0.5454687476158142,
0.5832812786102295,
0.5332812666893005,
0.41468751430511475,
0.5535937547683716,
0.5310937762260437,
0.621874988079071,
