shuffled_feature_mean_accuracy,unshuffled_feature_mean_accuracy
0.9087927937507629,0.9643963575363159
0.9283244609832764,
0.9494054317474365,
0.8397296071052551,
0.9132072329521179,
0.9240720868110657,
0.9072973728179932,
0.8417837619781494,
0.9179640412330627,
0.9108828902244568,
0.8967568278312683,
0.7770630717277527,
0.9340539574623108,
