shuffled_feature_mean_accuracy,unshuffled_feature_mean_accuracy
0.912342369556427,0.9707567691802979
0.9226126074790955,
0.956522524356842,
0.8534595370292664,
0.9227567315101624,
0.9288648962974548,
0.9099639654159546,
0.8292252421379089,
0.9224504828453064,
0.9182704091072083,
0.9149369597434998,
0.762126088142395,
0.9422342777252197,
