shuffled_feature_mean_accuracy,unshuffled_feature_mean_accuracy
0.906828761100769,0.9666306376457214
0.9218018054962158,
0.9495495557785034,
0.8637297749519348,
0.9129730463027954,
0.9098559021949768,
0.9198558926582336,
0.8425766229629517,
0.92500901222229,
0.9316937923431396,
0.9214593768119812,
0.7370269894599915,
0.9297477602958679,
