shuffled_feature_mean_accuracy,unshuffled_feature_mean_accuracy
0.8918918371200562,0.9658558368682861
0.9178558588027954,
0.9423422813415527,
0.8568108081817627,
0.9155315160751343,
0.9338918924331665,
0.9094414710998535,
0.8423423767089844,
0.9133692979812622,
0.9277297258377075,
0.9162521958351135,
0.7923063039779663,
0.9355136156082153,
