shuffled_feature_mean_accuracy,unshuffled_feature_mean_accuracy
0.899477481842041,0.9641082286834717
0.9214594960212708,
0.9566847085952759,
0.8614774346351624,
0.9107388257980347,
0.924306333065033,
0.9089369773864746,
0.8469188809394836,
0.916576623916626,
0.9296937584877014,
0.8947747945785522,
0.760576605796814,
0.940288245677948,
