shuffled_feature_mean_accuracy,unshuffled_feature_mean_accuracy
0.7319999933242798,0.6933333873748779
0.7920000553131104,
0.7846668362617493,
0.7513334155082703,
0.747333288192749,
0.7766668200492859,
0.7279999256134033,
0.7886666059494019,
0.796000063419342,
0.7480000257492065,
0.7453334927558899,
0.6680000424385071,
