shuffled_feature_mean_accuracy,unshuffled_feature_mean_accuracy
0.7113333344459534,0.6953333020210266
0.784000039100647,
0.7866666913032532,
0.755333423614502,
0.7500000596046448,
0.7733334302902222,
0.7346667647361755,
0.812000036239624,
0.797333300113678,
0.7640001177787781,
0.7460000514984131,
0.6579999327659607,
