shuffled_feature_mean_accuracy,unshuffled_feature_mean_accuracy
0.718000054359436,0.6759998202323914
0.8020000457763672,
0.7820000648498535,
0.737333357334137,
0.7566667199134827,
0.7640001177787781,
0.7426667213439941,
0.7880000472068787,
0.8093334436416626,
0.7540000081062317,
0.7406667470932007,
0.6906665563583374,
