shuffled_feature_mean_accuracy,unshuffled_feature_mean_accuracy
0.7420000433921814,0.6913332939147949
0.7993332743644714,
0.7873334288597107,
0.767333447933197,
0.7706668376922607,
0.767333447933197,
0.7526666522026062,
0.8173335194587708,
0.8073333501815796,
0.7593334317207336,
0.7446667551994324,
0.6906664967536926,
