shuffled_feature_mean_accuracy,unshuffled_feature_mean_accuracy
0.7313333749771118,0.7086666822433472
0.8040000796318054,
0.7720001339912415,
0.7386667132377625,
0.7526666522026062,
0.7573333978652954,
0.7440001964569092,
0.8060000538825989,
0.811333417892456,
0.7593333721160889,
0.737333357334137,
0.6673333048820496,
