shuffled_feature_mean_accuracy,unshuffled_feature_mean_accuracy
0.8769697546958923,0.9675756692886353
0.9725757837295532,
0.958787739276886,
0.9850000143051147,
0.9748485088348389,
0.974696934223175,
0.9634848833084106,
0.9636363387107849,
0.9716666340827942,
0.9672726392745972,
0.9622727036476135,
0.8054544925689697,
0.9821212291717529,
