shuffled_feature_mean_accuracy,unshuffled_feature_mean_accuracy
0.8725757598876953,0.9724241495132446
0.9689393639564514,
0.9515151381492615,
0.9845453500747681,
0.9698484539985657,
0.9696969389915466,
0.9692423939704895,
0.9598484635353088,
0.9765150547027588,
0.970909059047699,
0.9660606384277344,
0.8057577013969421,
0.9837877750396729,
