shuffled_feature_mean_accuracy,unshuffled_feature_mean_accuracy
0.8659090995788574,0.9660606384277344
0.9706060886383057,
0.9490908980369568,
0.9853029847145081,
0.9750000238418579,
0.9689393639564514,
0.9730302691459656,
0.9525757431983948,
0.9619696140289307,
0.977424144744873,
0.9657576084136963,
0.8040908575057983,
0.9809091091156006,
