shuffled_feature_mean_accuracy,unshuffled_feature_mean_accuracy
0.8715152144432068,0.9672726392745972
0.9757575988769531,
0.9672726392745972,
0.9866666197776794,
0.9721211194992065,
0.9662120938301086,
0.9707576036453247,
0.9672728180885315,
0.974393904209137,
0.9737878441810608,
0.9796969890594482,
0.7983334064483643,
0.9843938946723938,
