shuffled_feature_mean_accuracy,unshuffled_feature_mean_accuracy
0.8715152144432068,0.9719696640968323
0.9671211838722229,
0.9566665887832642,
0.9824241399765015,
0.9709089398384094,
0.9737878441810608,
0.9651514291763306,
0.9674243330955505,
0.978181779384613,
0.9687877893447876,
0.9713636636734009,
0.799393892288208,
0.9845454692840576,
