shuffled_feature_mean_accuracy,unshuffled_feature_mean_accuracy
0.5895454287528992,0.7124242186546326
0.7753031253814697,
0.7254545092582703,
0.7856060266494751,
0.7942423820495605,
0.800757646560669,
0.7719696164131165,
0.8250000476837158,
0.7827273607254028,
0.8119697570800781,
0.808030366897583,
0.7406060099601746,
