shuffled_feature_mean_accuracy,unshuffled_feature_mean_accuracy
0.5665151476860046,0.7048485279083252
0.7848485708236694,
0.7272727489471436,
0.7937878966331482,
0.8089394569396973,
0.7954545617103577,
0.7563636898994446,
0.8057575821876526,
0.7912121415138245,
0.8010606169700623,
0.7980303764343262,
0.7319695949554443,
