shuffled_feature_mean_accuracy,unshuffled_feature_mean_accuracy
0.5668181777000427,0.7074243426322937
0.7875757813453674,
0.7221211791038513,
0.7928788065910339,
0.7969697713851929,
0.7974242568016052,
0.7848485708236694,
0.8098484873771667,
0.7880303263664246,
0.7857575416564941,
0.7946968674659729,
0.7015151977539062,
