shuffled_feature_mean_accuracy,unshuffled_feature_mean_accuracy
0.5484848618507385,0.7145454287528992
0.7895454168319702,
0.73409104347229,
0.7643940448760986,
0.801818311214447,
0.7771213054656982,
0.7733333706855774,
0.811515212059021,
0.788939356803894,
0.8034848570823669,
0.7881819009780884,
0.7140909433364868,
