shuffled_feature_mean_accuracy,unshuffled_feature_mean_accuracy
0.5701515078544617,0.7300000190734863
0.775303065776825,
0.7292423248291016,
0.7651516199111938,
0.7995455265045166,
0.8028788566589355,
0.779697060585022,
0.8143940567970276,
0.7828788161277771,
0.8031818866729736,
0.7845455408096313,
0.7027273774147034,
