shuffled_feature_mean_accuracy,unshuffled_feature_mean_accuracy
0.4996969699859619,0.5621212124824524
0.5656060576438904,
0.6640909314155579,
0.4778788089752197,
0.6165151596069336,
0.5907575488090515,
0.5343939065933228,
0.7051514983177185,
0.5513635873794556,
0.6225757002830505,
0.6165152192115784,
