shuffled_feature_mean_accuracy,unshuffled_feature_mean_accuracy
0.48181819915771484,0.5436363816261292
0.5534848570823669,
0.7186362743377686,
0.4654546082019806,
0.6142423748970032,
0.5927273035049438,
0.5569697022438049,
0.7098484039306641,
0.5634848475456238,
0.6245454549789429,
0.624848484992981,
