shuffled_feature_mean_accuracy,unshuffled_feature_mean_accuracy
0.49106064438819885,0.5489393472671509
0.5556060671806335,
0.7010605335235596,
0.4619697332382202,
0.6133333444595337,
0.5875757932662964,
0.5600000023841858,
0.7118180990219116,
0.5613636374473572,
0.6098484992980957,
0.6328787803649902,
