shuffled_feature_mean_accuracy,unshuffled_feature_mean_accuracy
0.5012121796607971,0.5589393377304077
0.5816666483879089,
0.6730303168296814,
0.46636366844177246,
0.6130303144454956,
0.5898484587669373,
0.5569697022438049,
0.7115151882171631,
0.571363627910614,
0.6184848546981812,
0.6231818199157715,
