shuffled_feature_mean_accuracy,unshuffled_feature_mean_accuracy
0.4742423892021179,0.5660606026649475
0.5699999928474426,
0.6662120819091797,
0.44787874817848206,
0.6336363554000854,
0.5695455074310303,
0.5589393973350525,
0.7039393782615662,
0.5639393925666809,
0.6060606241226196,
0.6025757789611816,
