shuffled_feature_mean_accuracy,unshuffled_feature_mean_accuracy
0.6941177248954773,0.7429412603378296
0.7517646551132202,
0.7105881571769714,
0.7141176462173462,
0.7294118404388428,
0.724117636680603,
0.7347059845924377,
0.7341177463531494,
0.742353081703186,
0.727059006690979,
0.7364705801010132,
0.7094116806983948,
