shuffled_feature_mean_accuracy,unshuffled_feature_mean_accuracy
0.686470627784729,0.7264707684516907
0.7388235330581665,
0.7205883264541626,
0.7317648530006409,
0.732941210269928,
0.7352941632270813,
0.7452942132949829,
0.7452940940856934,
0.7400000691413879,
0.7147058844566345,
0.7541177272796631,
0.7164706587791443,
