shuffled_feature_mean_accuracy,unshuffled_feature_mean_accuracy
0.6605883836746216,0.7188234925270081
0.7447060346603394,
0.7070589661598206,
0.715882420539856,
0.7405883073806763,
0.7352941632270813,
0.7388234734535217,
0.7588236331939697,
0.7488236427307129,
0.7317646741867065,
0.761176586151123,
0.6941176056861877,
