shuffled_feature_mean_accuracy,unshuffled_feature_mean_accuracy
0.678823709487915,0.7252941131591797
0.7582353353500366,
0.7229412794113159,
0.7135295271873474,
0.7200000286102295,
0.7341176867485046,
0.7447059154510498,
0.7629411816596985,
0.7376471161842346,
0.7317647337913513,
0.7611765265464783,
0.7094117999076843,
