shuffled_feature_mean_accuracy,unshuffled_feature_mean_accuracy
0.6852942109107971,0.7188235521316528
0.7576470971107483,
0.7005884051322937,
0.7088236212730408,
0.7211764454841614,
0.7194117903709412,
0.7376472353935242,
0.7629411816596985,
0.7452942132949829,
0.7176471948623657,
0.7558822631835938,
0.7099999785423279,
