shuffled_feature_mean_accuracy,unshuffled_feature_mean_accuracy
0.9554545454545454,0.4990909090909091
0.8045454545454546,
0.7654545454545455,
0.7854545454545456,
0.7427272727272728,
0.8236363636363637,
0.8081818181818181,
0.7736363636363636,
0.7981818181818183,
0.7700000000000001,
0.79,
