shuffled_feature_mean_accuracy,unshuffled_feature_mean_accuracy
0.9663636363636363,0.5054545454545454
0.8018181818181819,
0.7381818181818184,
0.7809090909090911,
0.7472727272727273,
0.79,
0.8381818181818181,
0.7454545454545454,
0.7936363636363637,
0.7636363636363634,
0.7845454545454547,
