shuffled_feature_mean_accuracy,unshuffled_feature_mean_accuracy
0.9436363636363636,0.5027272727272727
0.7863636363636363,
0.7645454545454545,
0.792727272727273,
0.7727272727272728,
0.8227272727272728,
0.7981818181818181,
0.7772727272727273,
0.7927272727272728,
0.7481818181818182,
0.81,
