shuffled_feature_mean_accuracy,unshuffled_feature_mean_accuracy
0.9618181818181819,0.4936363636363636
0.8236363636363637,
0.7563636363636363,
0.7836363636363637,
0.7736363636363638,
0.8236363636363635,
0.8345454545454544,
0.7618181818181817,
0.8018181818181819,
0.769090909090909,
0.7827272727272728,
