shuffled_feature_mean_accuracy,unshuffled_feature_mean_accuracy
0.9818181818181817,0.5145454545454544
0.7845454545454547,
0.7536363636363638,
0.7954545454545456,
0.7754545454545455,
0.8072727272727274,
0.8490909090909091,
0.770909090909091,
0.7909090909090908,
0.7627272727272729,
0.8009090909090909,
