shuffled_feature_mean_accuracy,unshuffled_feature_mean_accuracy
0.6933333333333332,0.9233333333333333
0.6700000000000002,
0.8533333333333333,
0.6633333333333333,
0.7799999999999998,
0.6933333333333335,
0.8166666666666665,
0.76,
0.6566666666666668,
0.7766666666666667,
0.7199999999999999,
0.7433333333333333,
