shuffled_feature_mean_accuracy,unshuffled_feature_mean_accuracy
0.66,0.9233333333333333
0.6966666666666668,
0.84,
0.6566666666666666,
0.8166666666666668,
0.6866666666666668,
0.75,
0.7533333333333333,
0.6666666666666667,
0.7733333333333333,
0.67,
0.61,
