shuffled_feature_mean_accuracy,unshuffled_feature_mean_accuracy
0.52,0.93
0.6733333333333333,
0.8266666666666665,
0.6966666666666669,
0.8233333333333333,
0.7299999999999999,
0.75,
0.7966666666666665,
0.6166666666666667,
0.7533333333333332,
0.7233333333333334,
0.6166666666666667,
