shuffled_feature_mean_accuracy,unshuffled_feature_mean_accuracy
0.62,0.9566666666666667
0.7166666666666667,
0.7899999999999998,
0.7299999999999999,
0.6866666666666668,
0.6966666666666668,
0.7933333333333333,
0.7066666666666667,
0.6833333333333335,
0.7933333333333334,
0.6633333333333333,
0.6433333333333334,
