shuffled_feature_mean_accuracy,unshuffled_feature_mean_accuracy
0.65,0.93
0.6066666666666666,
0.8199999999999998,
0.6866666666666665,
0.74,
0.7033333333333333,
0.7833333333333331,
0.7733333333333333,
0.6733333333333333,
0.7566666666666666,
0.7300000000000001,
0.5666666666666665,
