shuffled_feature_mean_accuracy,unshuffled_feature_mean_accuracy
0.9850000143051147,0.9937499761581421
0.9337499737739563,
0.9649999737739563,
0.9162499904632568,
0.9300000071525574,
0.8387500047683716,
0.9225000143051147,
0.918749988079071,
0.8824999928474426,
0.9387500286102295,
0.8987500071525574,
0.9375,
