shuffled_feature_mean_accuracy,unshuffled_feature_mean_accuracy
0.9850000143051147,0.9887499809265137
0.8887500166893005,
0.9549999833106995,
0.9037500023841858,
0.9362499713897705,
0.8174999952316284,
0.918749988079071,
0.8924999833106995,
0.8924999833106995,
0.9137499928474426,
0.8849999904632568,
0.9075000286102295,
