shuffled_feature_mean_accuracy,unshuffled_feature_mean_accuracy
0.9962499737739563,0.9850000143051147
0.9100000262260437,
0.9599999785423279,
0.9012500047683716,
0.9337499737739563,
0.8299999833106995,
0.9287499785423279,
0.9275000095367432,
0.9137499928474426,
0.9574999809265137,
0.893750011920929,
0.887499988079071,
