shuffled_feature_mean_accuracy,unshuffled_feature_mean_accuracy
0.9950000047683716,0.9937499761581421
0.9037500023841858,
0.9362499713897705,
0.9024999737739563,
0.9362499713897705,
0.8262500166893005,
0.9375,
0.9125000238418579,
0.8725000023841858,
0.9312499761581421,
0.9049999713897705,
0.9100000262260437,
