shuffled_feature_mean_accuracy,unshuffled_feature_mean_accuracy
0.9862499833106995,0.9950000047683716
0.8774999976158142,
0.9462500214576721,
0.9262499809265137,
0.925000011920929,
0.8412500023841858,
0.9150000214576721,
0.8999999761581421,
0.875,
0.9237499833106995,
0.887499988079071,
0.9237499833106995,
