shuffled_feature_mean_accuracy,unshuffled_feature_mean_accuracy
0.8595237135887146,0.8985714912414551
0.9166667461395264,
0.9200000166893005,
0.9280952215194702,
0.904285728931427,
0.9204761385917664,
0.9228570461273193,
0.9161903858184814,
0.9171428084373474,
0.8966665863990784,
0.8923808932304382,
0.8866665363311768,
0.8666667342185974,
