shuffled_feature_mean_accuracy,unshuffled_feature_mean_accuracy
0.8623809218406677,0.909047544002533
0.918571412563324,
0.9061903953552246,
0.918571412563324,
0.9147619009017944,
0.9219046831130981,
0.9204761385917664,
0.9328571557998657,
0.8995237946510315,
0.90666663646698,
0.9085713028907776,
0.8785713911056519,
0.8680951595306396,
