shuffled_feature_mean_accuracy,unshuffled_feature_mean_accuracy
0.8619047403335571,0.9076191186904907
0.9152381420135498,
0.8919045925140381,
0.9076189994812012,
0.9142857193946838,
0.9223809242248535,
0.9204761385917664,
0.9228570461273193,
0.9195237755775452,
0.9166666269302368,
0.8847618103027344,
0.9109523296356201,
0.8752380609512329,
