shuffled_feature_mean_accuracy,unshuffled_feature_mean_accuracy
0.8590476512908936,0.9014285206794739
0.9123808145523071,
0.9004762172698975,
0.9257142543792725,
0.9057142734527588,
0.9238094091415405,
0.9219047427177429,
0.918571412563324,
0.9252381324768066,
0.9195237159729004,
0.8990476131439209,
0.8990476131439209,
0.879523754119873,
