shuffled_feature_mean_accuracy,unshuffled_feature_mean_accuracy
0.8600000143051147,0.9085714221000671
0.916190505027771,
0.8961904048919678,
0.9209523797035217,
0.8999998569488525,
0.9261904954910278,
0.9104760885238647,
0.9304763078689575,
0.9152381420135498,
0.9109523892402649,
0.8976190090179443,
0.8885713219642639,
0.8714286088943481,
