shuffled_feature_mean_accuracy,unshuffled_feature_mean_accuracy
0.9633333333333333,0.98
0.79,
0.91,
0.8066666666666668,
0.85,
0.6466666666666667,
0.8733333333333333,
0.8166666666666665,
0.65,
0.8133333333333332,
0.7900000000000001,
0.7599999999999999,
