shuffled_feature_mean_accuracy,unshuffled_feature_mean_accuracy
0.9733333333333334,0.9766666666666666
0.76,
0.9233333333333335,
0.7266666666666667,
0.8666666666666667,
0.5333333333333333,
0.8266666666666665,
0.7866666666666666,
0.69,
0.8466666666666666,
0.7400000000000001,
0.77,
