shuffled_feature_mean_accuracy,unshuffled_feature_mean_accuracy
0.9533333333333333,0.97
0.6666666666666665,
0.8733333333333334,
0.6833333333333332,
0.8233333333333333,
0.5366666666666666,
0.8333333333333333,
0.8566666666666666,
0.7766666666666667,
0.7866666666666666,
0.7833333333333334,
0.7733333333333334,
