shuffled_feature_mean_accuracy,unshuffled_feature_mean_accuracy
0.95,1.0
0.7166666666666666,
0.88,
0.71,
0.81,
0.6066666666666667,
0.86,
0.8133333333333335,
0.7533333333333334,
0.8233333333333333,
0.7166666666666666,
0.7266666666666666,
