shuffled_feature_mean_accuracy,unshuffled_feature_mean_accuracy
0.9666666666666666,0.9733333333333334
0.7433333333333333,
0.8933333333333334,
0.7233333333333333,
0.8533333333333334,
0.5266666666666667,
0.7666666666666666,
0.7533333333333333,
0.7566666666666667,
0.86,
0.7566666666666666,
0.8133333333333335,
