round_epochs,loss,acc,val_loss,val_acc,activation,batch_size,dropout,epochs,first_neuron,hidden_layers,hidden_neurons,last_activation,optimizer
10,0.10286840717601883,0.9647147,1.2777086049318314,0.265625,relu,12,0.0,10,10,0,10,sigmoid,adam
10,0.10711667044004342,0.9654655,1.1920543685555458,0.265625,relu,12,0.0,10,10,0,107,sigmoid,adam
10,0.11163971651983154,0.9677177,1.4639405384659767,0.265625,relu,12,0.0,10,10,0,205,sigmoid,adam
10,0.10960558593810142,0.963964,1.8018040880560875,0.265625,relu,12,0.0,10,10,0,302,sigmoid,adam
