shuffled_feature_mean_accuracy,unshuffled_feature_mean_accuracy,shuffled_feature_state_mean_accuracy,unshuffled_feature_state_mean_accuracy
0.9393939971923828,1.0,0.25,1.0
0.9886363744735718,,0.75,
0.9848484992980957,,0.5,
0.9886363744735718,,0.625,
0.9924242496490479,,0.75,
0.9848484992980957,,0.5,
0.9810606241226196,,0.5,
0.9772727489471436,,0.25,
0.9848484992980957,,0.5,
0.9924242496490479,,0.75,
0.9886363744735718,,0.625,
0.939393937587738,,0.75,
0.9772727489471436,,0.375,
