shuffled_feature_mean_accuracy,unshuffled_feature_mean_accuracy
0.6641176342964172,0.7629411220550537
0.787647008895874,
0.7805883288383484,
0.7911765575408936,
0.7764706611633301,
0.7482353448867798,
0.7658822536468506,
0.7847058176994324,
0.7941176891326904,
0.7752941250801086,
0.8041176795959473,
0.7364706993103027,
0.7617647647857666,
