shuffled_feature_mean_accuracy,unshuffled_feature_mean_accuracy
0.6741176843643188,0.7505881786346436
0.7882353067398071,
0.7676470875740051,
0.7835293412208557,
0.7847058773040771,
0.7641176581382751,
0.7564705014228821,
0.787647008895874,
0.8023529648780823,
0.7958822846412659,
0.7964706420898438,
0.729411780834198,
0.7476470470428467,
