shuffled_feature_mean_accuracy,unshuffled_feature_mean_accuracy
0.6576470732688904,0.7682353854179382
0.7817647457122803,
0.7552942037582397,
0.7823529839515686,
0.7758824229240417,
0.7529410719871521,
0.7835294604301453,
0.7852941751480103,
0.7864706516265869,
0.7852941751480103,
0.7823529839515686,
0.7217647433280945,
0.774117648601532,
