shuffled_feature_mean_accuracy,unshuffled_feature_mean_accuracy
0.6523529887199402,0.7605882287025452
0.7888236045837402,
0.7582353353500366,
0.7658824324607849,
0.7841177582740784,
0.7594118714332581,
0.7611765265464783,
0.7870588898658752,
0.7882354259490967,
0.7917647361755371,
0.7864706516265869,
0.7435293793678284,
0.7470588088035583,
