shuffled_feature_mean_accuracy,unshuffled_feature_mean_accuracy
0.6652941107749939,0.7617647051811218
0.7847059369087219,
0.7747058868408203,
0.7805881500244141,
0.78352952003479,
0.7488235235214233,
0.7705882787704468,
0.7923530340194702,
0.7964706420898438,
0.7823530435562134,
0.7847058176994324,
0.7423529624938965,
0.7664706707000732,
