shuffled_feature_mean_accuracy,unshuffled_feature_mean_accuracy
0.6814286708831787,0.5995238423347473
0.775238037109375,
0.8047618865966797,
0.8071428537368774,
0.7776191234588623,
0.696190595626831,
0.7885714173316956,
0.6266667246818542,
0.7471427917480469,
0.7580951452255249,
0.6371428966522217,
