shuffled_feature_mean_accuracy,unshuffled_feature_mean_accuracy
0.6871427893638611,0.5809524059295654
0.7514286041259766,
0.7966666221618652,
0.8033332824707031,
0.7904762029647827,
0.7752380967140198,
0.7899999022483826,
0.6414285898208618,
0.7838096022605896,
0.7647619843482971,
0.6223810315132141,
