shuffled_feature_mean_accuracy,unshuffled_feature_mean_accuracy
0.6680952310562134,0.5685714483261108
0.7480951547622681,
0.8304761648178101,
0.795714259147644,
0.7995237708091736,
0.7104762196540833,
0.7690476179122925,
0.6390476822853088,
0.7819048166275024,
0.807619035243988,
0.6166667342185974,
