shuffled_feature_mean_accuracy,unshuffled_feature_mean_accuracy
0.642380952835083,0.6014286279678345
0.736666738986969,
0.8333332538604736,
0.7890475392341614,
0.7814285755157471,
0.7352381348609924,
0.7790477275848389,
0.6376190185546875,
0.787142813205719,
0.7766667008399963,
0.6228571534156799,
