shuffled_feature_mean_accuracy,unshuffled_feature_mean_accuracy
0.7233333587646484,0.5795238018035889
0.747619092464447,
0.8319047689437866,
0.8252381086349487,
0.8014284372329712,
0.7133333683013916,
0.7847617864608765,
0.6552380919456482,
0.8066667318344116,
0.8266666531562805,
0.645714282989502,
