shuffled_feature_mean_accuracy,unshuffled_feature_mean_accuracy
0.23857142857142855,0.5657142857142857
0.3842857142857143,
0.16428571428571426,
0.22571428571428565,
0.2728571428571428,
0.35999999999999993,
0.30857142857142855,
0.35142857142857137,
0.34,
0.28714285714285714,
0.2971428571428571,
0.10428571428571426,
0.17428571428571427,
