shuffled_feature_mean_accuracy,unshuffled_feature_mean_accuracy
0.2285714285714285,0.5771428571428572
0.3857142857142857,
0.19999999999999993,
0.2185714285714285,
0.31857142857142856,
0.3242857142857143,
0.3214285714285714,
0.38285714285714284,
0.34428571428571425,
0.3071428571428571,
0.31142857142857133,
0.14142857142857143,
0.19428571428571423,
