shuffled_feature_mean_accuracy,unshuffled_feature_mean_accuracy
0.28428571428571425,0.59
0.34714285714285714,
0.13857142857142857,
0.21714285714285708,
0.35,
0.36142857142857143,
0.33714285714285713,
0.3414285714285714,
0.3685714285714286,
0.3028571428571428,
0.29142857142857137,
0.09142857142857143,
0.1657142857142857,
