shuffled_feature_mean_accuracy,unshuffled_feature_mean_accuracy
0.2657142857142857,0.5542857142857143
0.3314285714285714,
0.20571428571428568,
0.20571428571428568,
0.29428571428571426,
0.33,
0.3085714285714285,
0.33714285714285713,
0.3557142857142857,
0.30428571428571427,
0.3114285714285714,
0.11714285714285713,
0.22428571428571428,
