shuffled_feature_mean_accuracy,unshuffled_feature_mean_accuracy
0.2528571428571428,0.53
0.35,
0.1971428571428571,
0.2242857142857142,
0.3399999999999999,
0.3528571428571429,
0.3357142857142857,
0.35857142857142854,
0.3257142857142857,
0.29428571428571426,
0.32714285714285707,
0.09999999999999998,
0.18428571428571425,
