shuffled_feature_mean_accuracy,unshuffled_feature_mean_accuracy
0.895599901676178,0.9566666483879089
0.940133273601532,
0.9348000884056091,
0.926266610622406,
0.9365332722663879,
0.9353333115577698,
0.9389334321022034,
0.9342667460441589,
0.9377332925796509,
0.9376000165939331,
0.9413332343101501,
0.9126667976379395,
