shuffled_feature_mean_accuracy,unshuffled_feature_mean_accuracy
0.9054667949676514,0.9559999108314514
0.9399999380111694,
0.9339999556541443,
0.9264000058174133,
0.9404000043869019,
0.9358665943145752,
0.9373332858085632,
0.9358665943145752,
0.9382666945457458,
0.9364000558853149,
0.9389333128929138,
0.9174666404724121,
