shuffled_feature_mean_accuracy,unshuffled_feature_mean_accuracy
0.9013334512710571,0.9537332057952881
0.9425332546234131,
0.9301333427429199,
0.926266610622406,
0.9361334443092346,
0.9383999705314636,
0.9423999190330505,
0.9293333292007446,
0.9403999447822571,
0.9406665563583374,
0.9405332803726196,
0.9269332885742188,
