shuffled_feature_mean_accuracy,unshuffled_feature_mean_accuracy
0.9185333847999573,0.9547999501228333
0.9362665414810181,
0.9348000288009644,
0.9278667569160461,
0.9326667785644531,
0.9375998973846436,
0.9410666823387146,
0.9258665442466736,
0.9402666687965393,
0.9394667148590088,
0.9386667013168335,
0.9173333048820496,
