shuffled_feature_mean_accuracy,unshuffled_feature_mean_accuracy
0.9141333699226379,0.9596000909805298
0.9395999908447266,
0.9310665726661682,
0.9302667379379272,
0.9345332980155945,
0.9359999299049377,
0.9423999786376953,
0.9342667460441589,
0.9421332478523254,
0.9315998554229736,
0.9423999786376953,
0.9232000112533569,
