shuffled_feature_mean_accuracy,unshuffled_feature_mean_accuracy
0.7685714285714286,0.3
0.9057142857142857,
0.69,
0.8285714285714285,
0.8542857142857142,
0.907142857142857,
0.8985714285714285,
0.9028571428571428,
0.8642857142857143,
0.8414285714285712,
0.8242857142857143,
