shuffled_feature_mean_accuracy,unshuffled_feature_mean_accuracy
0.7842857142857143,0.3757142857142856
0.8857142857142856,
0.7357142857142855,
0.8642857142857143,
0.82,
0.9042857142857141,
0.9242857142857142,
0.9285714285714285,
0.8857142857142857,
0.8285714285714283,
0.8314285714285714,
