shuffled_feature_mean_accuracy,unshuffled_feature_mean_accuracy
0.7714285714285714,0.33714285714285713
0.8914285714285712,
0.6828571428571429,
0.8471428571428571,
0.8428571428571426,
0.8899999999999999,
0.8942857142857141,
0.9128571428571426,
0.8742857142857141,
0.8385714285714286,
0.8414285714285712,
