shuffled_feature_mean_accuracy,unshuffled_feature_mean_accuracy
0.7900000000000001,0.3528571428571429
0.8914285714285713,
0.6828571428571426,
0.8342857142857141,
0.842857142857143,
0.8828571428571429,
0.9285714285714286,
0.8914285714285713,
0.8999999999999997,
0.8414285714285714,
0.7971428571428569,
