shuffled_feature_mean_accuracy,unshuffled_feature_mean_accuracy
0.7685714285714285,0.3585714285714286
0.8828571428571428,
0.687142857142857,
0.8399999999999997,
0.8871428571428571,
0.9028571428571426,
0.9385714285714285,
0.96,
0.8914285714285713,
0.8728571428571427,
0.8485714285714283,
