shuffled_feature_mean_accuracy,unshuffled_feature_mean_accuracy
0.6205883026123047,0.7552940845489502
0.7782352566719055,
0.7570587992668152,
0.7494118213653564,
0.758823573589325,
0.7452942132949829,
0.7558824419975281,
0.7617647051811218,
0.7700001001358032,
0.7523529529571533,
0.8100000619888306,
0.7041176557540894,
