shuffled_feature_mean_accuracy,unshuffled_feature_mean_accuracy
0.6182353496551514,0.7723530530929565
0.7829410433769226,
0.7717647552490234,
0.7335295081138611,
0.7670588493347168,
0.7417646050453186,
0.7623530030250549,
0.770588219165802,
0.7723529934883118,
0.7541176676750183,
0.7858824133872986,
0.6952942609786987,
