shuffled_feature_mean_accuracy,unshuffled_feature_mean_accuracy
0.6552941203117371,0.7582352161407471
0.7823529839515686,
0.7641177177429199,
0.7288236021995544,
0.7417647838592529,
0.7429409623146057,
0.7488236427307129,
0.7864705920219421,
0.7888235449790955,
0.75705885887146,
0.8011765480041504,
0.7011765241622925,
