shuffled_feature_mean_accuracy,unshuffled_feature_mean_accuracy
0.6247059106826782,0.770588219165802
0.7641176581382751,
0.7623530626296997,
0.7464706897735596,
0.741176426410675,
0.7305881977081299,
0.7611764669418335,
0.7623530030250549,
0.7652941346168518,
0.7488234639167786,
0.7805882096290588,
0.6988235712051392,
