shuffled_feature_mean_accuracy,unshuffled_feature_mean_accuracy
0.626470685005188,0.7599999904632568
0.7499999403953552,
0.7570587992668152,
0.7470588684082031,
0.7500001788139343,
0.7423529624938965,
0.7594118714332581,
0.7717645168304443,
0.7794118523597717,
0.7605882883071899,
0.7723529934883118,
0.7023530602455139,
