shuffled_feature_mean_accuracy,unshuffled_feature_mean_accuracy,shuffled_feature_state_mean_accuracy,unshuffled_feature_state_mean_accuracy
1.0,1.0,1.0,1.0
0.9787499904632568,,0.9433333333333332,
0.9862499833106995,,0.9633333333333333,
0.9937499761581421,,0.9833333333333334,
1.0,,1.0,
0.8837500214576721,,0.69,
1.0,,1.0,
0.9862499833106995,,0.9633333333333334,
0.9825000166893005,,0.9533333333333333,
1.0,,1.0,
0.9850000143051147,,0.96,
0.9950000047683716,,0.9866666666666666,
