shuffled_feature_mean_accuracy,unshuffled_feature_mean_accuracy,shuffled_feature_state_mean_accuracy,unshuffled_feature_state_mean_accuracy
1.0,1.0,1.0,1.0
0.9750000238418579,,0.9333333333333332,
0.9850000143051147,,0.96,
0.9987499713897705,,0.9966666666666667,
1.0,,1.0,
0.9275000095367432,,0.8066666666666665,
0.9975000023841858,,0.9933333333333334,
0.9850000143051147,,0.96,
0.9900000095367432,,0.9733333333333334,
1.0,,1.0,
0.96875,,0.9266666666666667,
1.0,,1.0,
