shuffled_feature_mean_accuracy,unshuffled_feature_mean_accuracy,shuffled_feature_state_mean_accuracy,unshuffled_feature_state_mean_accuracy
1.0,0.9962499737739563,1.0,0.99
0.9862499833106995,,0.9633333333333333,
0.9850000143051147,,0.96,
0.9950000047683716,,0.9866666666666666,
1.0,,1.0,
0.9387500286102295,,0.84,
1.0,,1.0,
0.9887499809265137,,0.9733333333333333,
0.9837499856948853,,0.9566666666666666,
1.0,,1.0,
0.9649999737739563,,0.93,
0.9962499737739563,,0.99,
