shuffled_feature_mean_accuracy,unshuffled_feature_mean_accuracy,shuffled_feature_state_mean_accuracy,unshuffled_feature_state_mean_accuracy
0.9925000071525574,1.0,0.99,1.0
0.9737499952316284,,0.93,
0.9900000095367432,,0.9733333333333333,
0.9962499737739563,,0.99,
1.0,,1.0,
0.9325000047683716,,0.82,
1.0,,1.0,
0.9987499713897705,,0.9966666666666667,
0.9862499833106995,,0.9633333333333333,
1.0,,1.0,
0.9787499904632568,,0.9566666666666666,
0.9975000023841858,,0.9933333333333333,
