shuffled_feature_mean_accuracy,unshuffled_feature_mean_accuracy
1.0,1.0
0.9745454545454547,
0.7136363636363637,
0.9627272727272727,
0.9745454545454545,
0.9581818181818181,
0.9727272727272728,
0.8345454545454545,
0.9754545454545454,
0.9709090909090909,
0.98,
0.6445454545454546,
