shuffled_feature_mean_accuracy,unshuffled_feature_mean_accuracy
0.9981818181818182,1.0
0.9636363636363636,
0.702727272727273,
0.9745454545454544,
0.9681818181818181,
0.9681818181818181,
0.9736363636363636,
0.8490909090909089,
0.9754545454545455,
0.9654545454545453,
0.97,
0.6018181818181819,
