shuffled_feature_mean_accuracy,unshuffled_feature_mean_accuracy
1.0,1.0
0.9763636363636362,
0.6927272727272729,
0.9654545454545453,
0.9745454545454547,
0.9763636363636362,
0.9654545454545455,
0.8636363636363634,
0.9618181818181817,
0.9781818181818182,
0.9727272727272728,
0.6254545454545455,
