shuffled_feature_mean_accuracy,unshuffled_feature_mean_accuracy
1.0,0.999090909090909
0.979090909090909,
0.6809090909090909,
0.9645454545454545,
0.9745454545454544,
0.9609090909090908,
0.9827272727272727,
0.8527272727272727,
0.9799999999999999,
0.9727272727272728,
0.9836363636363638,
0.5918181818181819,
