shuffled_feature_mean_accuracy,unshuffled_feature_mean_accuracy
1.0,1.0
0.9781818181818182,
0.6827272727272728,
0.9654545454545453,
0.9672727272727272,
0.9627272727272727,
0.98,
0.8554545454545454,
0.9836363636363636,
0.98,
0.9745454545454545,
0.619090909090909,
