shuffled_feature_mean_accuracy,unshuffled_feature_mean_accuracy
0.8576189279556274,0.8128571510314941
0.9071428179740906,
0.739523708820343,
0.9409523010253906,
0.8966665863990784,
0.8271428942680359,
0.9309523701667786,
0.8071428537368774,
0.8857142925262451,
0.8857141733169556,
0.84333336353302,
0.8438094854354858,
