shuffled_feature_mean_accuracy,unshuffled_feature_mean_accuracy
0.8233332633972168,0.8376190662384033
0.868571400642395,
0.7528571486473083,
0.9457142353057861,
0.90666663646698,
0.8404762148857117,
0.9119048118591309,
0.8442856669425964,
0.9019047021865845,
0.8899999260902405,
0.8199999332427979,
0.8095238208770752,
