shuffled_feature_mean_accuracy,unshuffled_feature_mean_accuracy
0.8509523868560791,0.8152380585670471
0.8904762268066406,
0.8095237612724304,
0.9128570556640625,
0.9133332967758179,
0.8395237922668457,
0.9266667366027832,
0.7652380466461182,
0.8928570747375488,
0.8990476131439209,
0.8228570818901062,
0.8161905407905579,
