shuffled_feature_mean_accuracy,unshuffled_feature_mean_accuracy
0.8671427369117737,0.8519046306610107
0.8971428871154785,
0.7738094925880432,
0.927142858505249,
0.9085714221000671,
0.8604762554168701,
0.9366666674613953,
0.8190475702285767,
0.8928571343421936,
0.8961904048919678,
0.8204760551452637,
0.7985714077949524,
