shuffled_feature_mean_accuracy,unshuffled_feature_mean_accuracy
0.8261904120445251,0.8119046688079834
0.8857142925262451,
0.7561904191970825,
0.9300000071525574,
0.8985713720321655,
0.8119047284126282,
0.9309523105621338,
0.8590476512908936,
0.8904761672019958,
0.9038093686103821,
0.8280951976776123,
0.8090476989746094,
