shuffled_feature_mean_accuracy,unshuffled_feature_mean_accuracy
0.021702127659574466,0.2859574468085106
0.17595744680851064,
0.44829787234042556,
0.20978723404255317,
0.17659574468085107,
0.2702127659574468,
0.18978723404255324,
0.09808510638297874,
0.17212765957446804,
0.17851063829787236,
0.3082978723404255,
