shuffled_feature_mean_accuracy,unshuffled_feature_mean_accuracy
0.02212765957446808,0.24063829787234045
0.18361702127659574,
0.4491489361702128,
0.2302127659574468,
0.20489361702127656,
0.2527659574468085,
0.17872340425531913,
0.0874468085106383,
0.198936170212766,
0.17893617021276595,
0.29914893617021276,
