shuffled_feature_mean_accuracy,unshuffled_feature_mean_accuracy
0.03170212765957446,0.2538297872340426
0.1572340425531915,
0.4534042553191489,
0.21063829787234045,
0.18617021276595747,
0.2597872340425532,
0.1895744680851063,
0.09680851063829789,
0.19127659574468087,
0.17872340425531913,
0.3025531914893617,
