shuffled_feature_mean_accuracy,unshuffled_feature_mean_accuracy
0.027446808510638295,0.23723404255319147
0.2006382978723404,
0.4640425531914893,
0.19723404255319146,
0.18787234042553191,
0.2504255319148936,
0.18021276595744684,
0.09212765957446811,
0.18702127659574472,
0.18914893617021275,
0.3095744680851064,
