shuffled_feature_mean_accuracy,unshuffled_feature_mean_accuracy
0.03127659574468084,0.20787234042553193
0.19085106382978723,
0.46744680851063825,
0.21106382978723406,
0.1851063829787234,
0.2512765957446808,
0.1757446808510638,
0.09489361702127659,
0.16148936170212763,
0.17361702127659576,
0.31851063829787235,
