shuffled_feature_mean_accuracy,unshuffled_feature_mean_accuracy
0.2985714285714285,0.5614285714285715
0.36,
0.26428571428571423,
0.21142857142857138,
0.3357142857142857,
0.31857142857142856,
0.3657142857142857,
0.2628571428571428,
0.36857142857142855,
0.3285714285714285,
0.3142857142857142,
0.13999999999999999,
