shuffled_feature_mean_accuracy,unshuffled_feature_mean_accuracy
0.25285714285714284,0.4971428571428572
0.34285714285714286,
0.26999999999999996,
0.23857142857142855,
0.35714285714285715,
0.3214285714285714,
0.3514285714285715,
0.27571428571428563,
0.3557142857142857,
0.33,
0.3657142857142857,
0.1514285714285714,
