shuffled_feature_mean_accuracy,unshuffled_feature_mean_accuracy
0.2457142857142857,0.5328571428571429
0.32428571428571423,
0.33428571428571424,
0.2799999999999999,
0.32428571428571423,
0.3171428571428571,
0.3842857142857143,
0.29,
0.36,
0.3514285714285715,
0.3642857142857142,
0.20142857142857143,
