shuffled_feature_mean_accuracy,unshuffled_feature_mean_accuracy
0.28999999999999987,0.5371428571428571
0.34285714285714275,
0.29,
0.2171428571428571,
0.36714285714285716,
0.3214285714285714,
0.3842857142857143,
0.28714285714285714,
0.3642857142857143,
0.4114285714285715,
0.35714285714285715,
0.19,
