shuffled_feature_mean_accuracy,unshuffled_feature_mean_accuracy
0.2614285714285714,0.5328571428571429
0.4,
0.2657142857142857,
0.23285714285714276,
0.31999999999999995,
0.3071428571428571,
0.35285714285714276,
0.25714285714285706,
0.38714285714285707,
0.3628571428571428,
0.3628571428571428,
0.18142857142857138,
