shuffled_feature_mean_accuracy,unshuffled_feature_mean_accuracy
0.699999988079071,0.9760000705718994
0.75,
0.7480000257492065,
0.7540000081062317,
0.7800000905990601,
0.781999945640564,
0.8459999561309814,
0.7800001502037048,
0.7480000853538513,
0.8119999766349792,
0.7280000448226929,
0.7060000896453857,
