shuffled_feature_mean_accuracy,unshuffled_feature_mean_accuracy
0.6660000085830688,0.9780000448226929
0.7400001287460327,
0.7380000948905945,
0.7360000610351562,
0.8220000267028809,
0.7919999957084656,
0.846000075340271,
0.8440000414848328,
0.7660001516342163,
0.8760000467300415,
0.718000054359436,
0.7620000243186951,
