shuffled_feature_mean_accuracy,unshuffled_feature_mean_accuracy
0.718000054359436,0.9800000190734863
0.7820000648498535,
0.7760001420974731,
0.7440000176429749,
0.8400000929832458,
0.809999942779541,
0.8680000305175781,
0.8400000929832458,
0.724000096321106,
0.830000102519989,
0.7800000905990601,
0.7520000338554382,
