shuffled_feature_mean_accuracy,unshuffled_feature_mean_accuracy
0.6560000777244568,0.984000027179718
0.7039999961853027,
0.6700000166893005,
0.7460001111030579,
0.8079999685287476,
0.7980000376701355,
0.7920000553131104,
0.8560000061988831,
0.7300000190734863,
0.8700000643730164,
0.7720000743865967,
0.7820000648498535,
