shuffled_feature_mean_accuracy,unshuffled_feature_mean_accuracy
0.6499999761581421,0.9800000190734863
0.7540000081062317,
0.7540000677108765,
0.7699999809265137,
0.8060000538825989,
0.78600013256073,
0.8240001201629639,
0.8160000443458557,
0.7799999713897705,
0.8399999737739563,
0.7419999837875366,
0.7680000066757202,
