shuffled_feature_mean_accuracy,unshuffled_feature_mean_accuracy
0.9700000286102295,0.9524999856948853
0.875,
0.925000011920929,
0.9725000262260437,
0.9800000190734863,
0.8849999904632568,
0.9700000286102295,
0.8974999785423279,
0.9300000071525574,
0.9599999785423279,
0.8899999856948853,
