shuffled_feature_mean_accuracy,unshuffled_feature_mean_accuracy
0.9975000023841858,0.9800000190734863
0.8799999952316284,
0.9424999952316284,
0.9125000238418579,
0.9649999737739563,
0.8450000286102295,
0.9524999856948853,
0.8924999833106995,
0.9350000023841858,
0.9549999833106995,
0.8650000095367432,
