shuffled_feature_mean_accuracy,unshuffled_feature_mean_accuracy
0.9624999761581421,0.9474999904632568
0.887499988079071,
0.9200000166893005,
0.9474999904632568,
0.9700000286102295,
0.862500011920929,
0.9674999713897705,
0.8774999976158142,
0.8999999761581421,
0.9800000190734863,
0.8774999976158142,
