shuffled_feature_mean_accuracy,unshuffled_feature_mean_accuracy
0.9850000143051147,0.9574999809265137
0.9024999737739563,
0.9449999928474426,
0.9549999833106995,
0.9750000238418579,
0.824999988079071,
0.9674999713897705,
0.9399999976158142,
0.9449999928474426,
0.9674999713897705,
0.8824999928474426,
