shuffled_feature_mean_accuracy,unshuffled_feature_mean_accuracy
0.9750000238418579,0.9449999928474426
0.8899999856948853,
0.9624999761581421,
0.9750000238418579,
0.9674999713897705,
0.8650000095367432,
0.9574999809265137,
0.9275000095367432,
0.8899999856948853,
0.9574999809265137,
0.8974999785423279,
