shuffled_feature_mean_accuracy,unshuffled_feature_mean_accuracy
0.10446808510638299,0.5178723404255319
0.4561702127659575,
0.7425531914893619,
0.4759574468085106,
0.46957446808510633,
0.4102127659574468,
0.4453191489361702,
0.14340425531914894,
0.4461702127659575,
0.48063829787234036,
0.5048936170212767,
0.24276595744680848,
