shuffled_feature_mean_accuracy,unshuffled_feature_mean_accuracy
0.08042553191489361,0.4897872340425532
0.4610638297872341,
0.7348936170212766,
0.4957446808510638,
0.49638297872340426,
0.4163829787234043,
0.44,
0.15276595744680851,
0.4453191489361702,
0.47723404255319146,
0.5176595744680851,
0.27510638297872336,
