shuffled_feature_mean_accuracy,unshuffled_feature_mean_accuracy
0.10425531914893617,0.4514893617021277
0.4957446808510638,
0.7331914893617022,
0.4865957446808511,
0.4782978723404254,
0.4265957446808511,
0.47702127659574467,
0.13851063829787236,
0.4727659574468085,
0.48680851063829794,
0.5153191489361703,
0.2580851063829787,
