shuffled_feature_mean_accuracy,unshuffled_feature_mean_accuracy
0.10085106382978724,0.45957446808510627
0.48170212765957443,
0.7463829787234043,
0.5070212765957447,
0.48063829787234036,
0.41808510638297874,
0.4748936170212765,
0.13574468085106384,
0.4736170212765958,
0.4561702127659574,
0.5019148936170212,
0.24276595744680848,
