shuffled_feature_mean_accuracy,unshuffled_feature_mean_accuracy
0.10914893617021276,0.4759574468085106
0.473404255319149,
0.7659574468085107,
0.48872340425531907,
0.49127659574468086,
0.44765957446808513,
0.4597872340425533,
0.16191489361702133,
0.47468085106382985,
0.46170212765957447,
0.5076595744680851,
0.24361702127659576,
