shuffled_feature_mean_accuracy,unshuffled_feature_mean_accuracy
0.9981818181818182,0.7063636363636361
0.9754545454545454,
0.9918181818181818,
0.9545454545454544,
0.9618181818181819,
0.9818181818181819,
0.9772727272727272,
0.9045454545454544,
0.9827272727272727,
0.96,
0.9654545454545455,
0.6245454545454545,
