shuffled_feature_mean_accuracy,unshuffled_feature_mean_accuracy
1.0,0.7145454545454545
0.9781818181818182,
0.989090909090909,
0.9754545454545455,
0.9572727272727274,
0.9827272727272728,
0.9845454545454547,
0.9027272727272728,
0.98,
0.9572727272727272,
0.9672727272727272,
0.6354545454545454,
