shuffled_feature_mean_accuracy,unshuffled_feature_mean_accuracy
0.9981818181818182,0.6754545454545453
0.980909090909091,
0.9954545454545455,
0.9663636363636363,
0.9672727272727273,
0.9863636363636364,
0.989090909090909,
0.9109090909090911,
0.99,
0.9645454545454545,
0.980909090909091,
0.6545454545454545,
