shuffled_feature_mean_accuracy,unshuffled_feature_mean_accuracy
0.999090909090909,0.6854545454545454
0.9781818181818182,
0.9954545454545456,
0.9718181818181819,
0.97,
0.980909090909091,
0.9845454545454545,
0.8981818181818181,
0.9754545454545455,
0.9672727272727272,
0.9745454545454545,
0.6427272727272727,
