shuffled_feature_mean_accuracy,unshuffled_feature_mean_accuracy
0.9981818181818182,0.6872727272727274
0.9727272727272728,
0.9981818181818182,
0.9772727272727272,
0.9618181818181817,
0.9827272727272728,
0.9872727272727272,
0.9172727272727272,
0.9663636363636364,
0.9545454545454546,
0.9718181818181817,
0.6481818181818181,
