shuffled_feature_mean_accuracy,unshuffled_feature_mean_accuracy
0.4246428608894348,0.5903570652008057
0.5678570866584778,
0.6242856383323669,
0.6278570890426636,
0.60999995470047,
0.5817856788635254,
0.628928542137146,
0.5053570866584778,
0.6107141971588135,
0.6017857193946838,
0.7600000500679016,
0.47499993443489075,
0.654285728931427,
