shuffled_feature_mean_accuracy,unshuffled_feature_mean_accuracy
0.44357144832611084,0.5817856788635254
0.5882142782211304,
0.5960713624954224,
0.6499999761581421,
0.5942856073379517,
0.5949999094009399,
0.617857038974762,
0.5317856669425964,
0.5699999332427979,
0.6117856502532959,
0.7410714030265808,
0.4817856550216675,
0.6625000238418579,
