shuffled_feature_mean_accuracy,unshuffled_feature_mean_accuracy
0.433928519487381,0.5839285254478455
0.621071457862854,
0.6078571081161499,
0.647142767906189,
0.583214282989502,
0.5832142233848572,
0.591071367263794,
0.526785671710968,
0.586785614490509,
0.5889285206794739,
0.7517858147621155,
0.45535704493522644,
0.6635714769363403,
