shuffled_feature_mean_accuracy,unshuffled_feature_mean_accuracy
0.42392852902412415,0.5864284634590149
0.6089285016059875,
0.6049998998641968,
0.6303571462631226,
0.5971428155899048,
0.5778570771217346,
0.6257141828536987,
0.5335713624954224,
0.6021428108215332,
0.5889284610748291,
0.7735713720321655,
0.4592856466770172,
0.6578571200370789,
