shuffled_feature_mean_accuracy,unshuffled_feature_mean_accuracy
0.4428570866584778,0.5889284610748291
0.5957142114639282,
0.6057142019271851,
0.6474999785423279,
0.5849999189376831,
0.5724999308586121,
0.607499897480011,
0.5624999403953552,
0.607499897480011,
0.5764285326004028,
0.7164285182952881,
0.4735713601112366,
0.6557143330574036,
