shuffled_feature_mean_accuracy,unshuffled_feature_mean_accuracy
0.9137333631515503,0.9308000206947327
0.9205334186553955,
0.919999897480011,
0.9118666648864746,
0.9154667854309082,
0.9209333658218384,
0.918666660785675,
0.9390667080879211,
0.9216000437736511,
0.9157333374023438,
0.9132000803947449,
