shuffled_feature_mean_accuracy,unshuffled_feature_mean_accuracy
0.9118666648864746,0.9323999881744385
0.91920006275177,
0.9253333210945129,
0.9117333889007568,
0.9158666729927063,
0.9202667474746704,
0.924000084400177,
0.9355999827384949,
0.9196000695228577,
0.9160000681877136,
0.9140000939369202,
