shuffled_feature_mean_accuracy,unshuffled_feature_mean_accuracy
0.9126666784286499,0.933733344078064
0.9206667542457581,
0.9190666675567627,
0.9112001061439514,
0.9158666133880615,
0.9222667217254639,
0.9220000505447388,
0.9358667135238647,
0.9193333983421326,
0.9192000031471252,
0.9136000871658325,
