shuffled_feature_mean_accuracy,unshuffled_feature_mean_accuracy
0.9110666513442993,0.9334667325019836
0.9181333184242249,
0.9237332940101624,
0.9109333157539368,
0.9172000288963318,
0.9210666418075562,
0.9249333739280701,
0.9346665740013123,
0.9218666553497314,
0.9141333103179932,
0.9102666974067688,
