shuffled_feature_mean_accuracy,unshuffled_feature_mean_accuracy
0.9109334349632263,0.9294667840003967
0.921333372592926,
0.9259999990463257,
0.9121334552764893,
0.9157333970069885,
0.9217333793640137,
0.9230667352676392,
0.9362666606903076,
0.9196001291275024,
0.918266773223877,
0.912933349609375,
