shuffled_feature_mean_accuracy,unshuffled_feature_mean_accuracy
0.7060000896453857,0.9800000190734863
0.6899999976158142,
0.765999972820282,
0.7400000691413879,
0.8000000715255737,
0.7379999756813049,
0.7860000729560852,
0.8359999656677246,
0.718000054359436,
0.8059999942779541,
0.6960000395774841,
0.8260000348091125,
0.7720000743865967,
