shuffled_feature_mean_accuracy,unshuffled_feature_mean_accuracy
0.7100000977516174,0.9800000190734863
0.7100000977516174,
0.7900000810623169,
0.7799999713897705,
0.7879999279975891,
0.7679999470710754,
0.7939999103546143,
0.8100000619888306,
0.7059999704360962,
0.7919999957084656,
0.7180001139640808,
0.8420001268386841,
0.7620000243186951,
