shuffled_feature_mean_accuracy,unshuffled_feature_mean_accuracy
0.7400000095367432,0.9880000352859497
0.7180001139640808,
0.7440000772476196,
0.7940000295639038,
0.8000000715255737,
0.7699999809265137,
0.781999945640564,
0.8380000591278076,
0.7360000014305115,
0.8040000200271606,
0.7000000476837158,
0.8240000009536743,
0.8120000958442688,
