shuffled_feature_mean_accuracy,unshuffled_feature_mean_accuracy
0.7280001044273376,0.9819999933242798
0.724000096321106,
0.7580000162124634,
0.7580001354217529,
0.812000036239624,
0.7300000190734863,
0.7860000133514404,
0.8240000009536743,
0.718000054359436,
0.7880000472068787,
0.6940000057220459,
0.8419999480247498,
0.7820000648498535,
