shuffled_feature_mean_accuracy,unshuffled_feature_mean_accuracy
0.692000150680542,0.9660000801086426
0.7460000514984131,
0.7080000042915344,
0.781999945640564,
0.796000063419342,
0.6920000314712524,
0.7680000066757202,
0.8419999480247498,
0.724000096321106,
0.7919999957084656,
0.7480000257492065,
0.828000009059906,
0.7860000729560852,
