shuffled_feature_mean_accuracy,unshuffled_feature_mean_accuracy
0.042340425531914895,0.17361702127659576
0.2480851063829788,
0.3929787234042553,
0.23744680851063826,
0.23957446808510643,
0.2902127659574468,
0.2451063829787234,
0.08723404255319149,
0.26382978723404255,
0.26893617021276595,
0.27085106382978724,
0.29127659574468084,
