shuffled_feature_mean_accuracy,unshuffled_feature_mean_accuracy
0.055106382978723396,0.19234042553191483
0.26021276595744675,
0.41914893617021276,
0.22680851063829788,
0.2604255319148936,
0.2772340425531915,
0.2731914893617021,
0.07340425531914894,
0.264468085106383,
0.24765957446808506,
0.2848936170212766,
0.2885106382978724,
