shuffled_feature_mean_accuracy,unshuffled_feature_mean_accuracy
0.05574468085106382,0.19319148936170208
0.25106382978723407,
0.39936170212765953,
0.22319148936170208,
0.25808510638297866,
0.2736170212765957,
0.2563829787234042,
0.07510638297872341,
0.2619148936170213,
0.25148936170212766,
0.26872340425531915,
0.2714893617021277,
