shuffled_feature_mean_accuracy,unshuffled_feature_mean_accuracy
0.05127659574468085,0.1993617021276596
0.25191489361702124,
0.40617021276595744,
0.20595744680851064,
0.2691489361702128,
0.304468085106383,
0.2523404255319149,
0.07531914893617021,
0.25468085106382976,
0.25404255319148933,
0.2746808510638298,
0.3051063829787234,
