shuffled_feature_mean_accuracy,unshuffled_feature_mean_accuracy
0.0476595744680851,0.18893617021276599
0.27042553191489366,
0.40234042553191485,
0.22914893617021273,
0.2625531914893617,
0.29617021276595745,
0.2561702127659574,
0.08276595744680851,
0.2814893617021276,
0.24872340425531916,
0.29063829787234047,
0.2578723404255319,
