shuffled_feature_mean_accuracy,unshuffled_feature_mean_accuracy
0.9037500023841858,0.9962499737739563
0.8700000047683716,
0.8137500286102295,
0.8700000047683716,
0.9175000190734863,
0.7799999713897705,
0.9225000143051147,
0.8887500166893005,
0.8600000143051147,
0.9200000166893005,
0.8337500095367432,
0.9225000143051147,
