shuffled_feature_mean_accuracy,unshuffled_feature_mean_accuracy
0.8887500166893005,1.0
0.9012500047683716,
0.8125,
0.8712499737739563,
0.9087499976158142,
0.7712500095367432,
0.9175000190734863,
0.8712499737739563,
0.8799999952316284,
0.8725000023841858,
0.84375,
0.9075000286102295,
