shuffled_feature_mean_accuracy,unshuffled_feature_mean_accuracy
0.8887500166893005,0.9975000023841858
0.8725000023841858,
0.824999988079071,
0.8575000166893005,
0.9012500047683716,
0.7762500047683716,
0.9237499833106995,
0.893750011920929,
0.8849999904632568,
0.9125000238418579,
0.8324999809265137,
0.918749988079071,
