shuffled_feature_mean_accuracy,unshuffled_feature_mean_accuracy
0.8949999809265137,0.9987499713897705
0.8650000095367432,
0.800000011920929,
0.831250011920929,
0.8987500071525574,
0.7987499833106995,
0.918749988079071,
0.8824999928474426,
0.8612499833106995,
0.9100000262260437,
0.8287500143051147,
0.8912500143051147,
