shuffled_feature_mean_accuracy,unshuffled_feature_mean_accuracy
0.893750011920929,0.9987499713897705
0.875,
0.8174999952316284,
0.8487499952316284,
0.8887500166893005,
0.8224999904632568,
0.9212499856948853,
0.9049999713897705,
0.8899999856948853,
0.9087499976158142,
0.8537499904632568,
0.9112499952316284,
