shuffled_feature_mean_accuracy,unshuffled_feature_mean_accuracy
0.918749988079071,0.9937499761581421
0.8512499928474426,
0.8399999737739563,
0.8849999904632568,
0.8675000071525574,
0.800000011920929,
0.8862500190734863,
0.8862500190734863,
0.8700000047683716,
0.8762500286102295,
0.8125,
0.9100000262260437,
0.8862500190734863,
