shuffled_feature_mean_accuracy,unshuffled_feature_mean_accuracy
0.9325000047683716,0.9900000095367432
0.8387500047683716,
0.8224999904632568,
0.8362500071525574,
0.8712499737739563,
0.7799999713897705,
0.8650000095367432,
0.8774999976158142,
0.824999988079071,
0.862500011920929,
0.8512499928474426,
0.9162499904632568,
0.9024999737739563,
