shuffled_feature_mean_accuracy,unshuffled_feature_mean_accuracy
0.9287499785423279,0.987500011920929
0.8324999809265137,
0.8637499809265137,
0.862500011920929,
0.8600000143051147,
0.8025000095367432,
0.8737499713897705,
0.9012500047683716,
0.8075000047683716,
0.8837500214576721,
0.8274999856948853,
0.9325000047683716,
0.8812500238418579,
