shuffled_feature_mean_accuracy,unshuffled_feature_mean_accuracy
0.956250011920929,0.9912499785423279
0.8337500095367432,
0.8399999737739563,
0.8475000262260437,
0.8824999928474426,
0.768750011920929,
0.8675000071525574,
0.8725000023841858,
0.8512499928474426,
0.8787500262260437,
0.8012499809265137,
0.8899999856948853,
0.8787500262260437,
