shuffled_feature_mean_accuracy,unshuffled_feature_mean_accuracy
0.9337499737739563,0.9962499737739563
0.8662499785423279,
0.856249988079071,
0.8500000238418579,
0.8837500214576721,
0.768750011920929,
0.8962500095367432,
0.9037500023841858,
0.8324999809265137,
0.862500011920929,
0.8162500262260437,
0.9237499833106995,
0.887499988079071,
