shuffled_feature_mean_accuracy,unshuffled_feature_mean_accuracy
0.5166666666666666,0.9766666666666667
0.5866666666666667,
0.4933333333333333,
0.53,
0.7066666666666667,
0.6966666666666668,
0.7033333333333333,
0.7199999999999999,
0.6233333333333334,
0.7400000000000001,
0.5066666666666666,
0.5966666666666667,
