shuffled_feature_mean_accuracy,unshuffled_feature_mean_accuracy
0.43333333333333335,0.9733333333333333
0.6066666666666667,
0.62,
0.5900000000000001,
0.7466666666666666,
0.66,
0.7233333333333334,
0.7033333333333333,
0.6299999999999999,
0.74,
0.5866666666666667,
0.5566666666666668,
