shuffled_feature_mean_accuracy,unshuffled_feature_mean_accuracy
0.49666666666666665,0.9733333333333334
0.5733333333333334,
0.5433333333333333,
0.58,
0.7199999999999999,
0.5999999999999999,
0.6666666666666665,
0.7233333333333333,
0.6033333333333333,
0.7333333333333332,
0.5333333333333333,
0.59,
