shuffled_feature_mean_accuracy,unshuffled_feature_mean_accuracy
0.48,0.98
0.5566666666666666,
0.5333333333333333,
0.5433333333333333,
0.5733333333333334,
0.66,
0.7533333333333334,
0.7466666666666667,
0.54,
0.7000000000000002,
0.48,
0.6333333333333333,
