shuffled_feature_mean_accuracy,unshuffled_feature_mean_accuracy
0.52,0.9466666666666665
0.5566666666666666,
0.6,
0.5933333333333333,
0.7266666666666666,
0.64,
0.7133333333333333,
0.7333333333333333,
0.6233333333333333,
0.7066666666666666,
0.6266666666666667,
0.57,
