shuffled_feature_mean_accuracy,unshuffled_feature_mean_accuracy,shuffled_feature_state_mean_accuracy,unshuffled_feature_state_mean_accuracy
0.9824488759040833,0.6836735010147095,0.11,0.22
0.7948979139328003,,0.08,
0.8453061580657959,,0.15,
0.8372244834899902,,0.2,
0.7928572297096252,,0.07,
0.7985305786132812,,0.11,
0.7955510020256042,,0.11,
0.7197960019111633,,0.14,
0.7844491004943848,,0.11,
0.7786530256271362,,0.1,
0.7972654700279236,,0.1,
0.661346971988678,,0.84,
