shuffled_feature_mean_accuracy,unshuffled_feature_mean_accuracy,shuffled_feature_state_mean_accuracy,unshuffled_feature_state_mean_accuracy
0.9788570404052734,0.6711428165435791,0.1,0.2
0.7853877544403076,,0.09,
0.8479999303817749,,0.11,
0.8152245283126831,,0.3,
0.7902857065200806,,0.09,
0.8007347583770752,,0.13,
0.7849388718605042,,0.11,
0.7189388275146484,,0.18,
0.802163302898407,,0.05,
0.7856325507164001,,0.12,
0.7953060865402222,,0.13,
0.6715918779373169,,0.84,
