shuffled_feature_mean_accuracy,unshuffled_feature_mean_accuracy,shuffled_feature_state_mean_accuracy,unshuffled_feature_state_mean_accuracy
0.977020263671875,0.6737959384918213,0.1,0.28
0.7877143025398254,,0.09,
0.839918315410614,,0.17,
0.8362448811531067,,0.2,
0.7909387350082397,,0.11,
0.7888572812080383,,0.12,
0.7907755970954895,,0.14,
0.7188162803649902,,0.14,
0.7866939306259155,,0.08,
0.7960000038146973,,0.06,
0.7915510535240173,,0.09,
0.6868163347244263,,0.84,
