shuffled_feature_mean_accuracy,unshuffled_feature_mean_accuracy,shuffled_feature_state_mean_accuracy,unshuffled_feature_state_mean_accuracy
0.9778366088867188,0.678408145904541,0.13,0.22
0.7847347855567932,,0.08,
0.8455101847648621,,0.17,
0.815632700920105,,0.19,
0.7843673825263977,,0.07,
0.7990204095840454,,0.1,
0.7775511145591736,,0.13,
0.7037960290908813,,0.21,
0.7716326713562012,,0.14,
0.7715509533882141,,0.08,
0.800163209438324,,0.12,
0.6677959561347961,,0.85,
