shuffled_feature_mean_accuracy,unshuffled_feature_mean_accuracy,shuffled_feature_state_mean_accuracy,unshuffled_feature_state_mean_accuracy
0.983265221118927,0.6686122417449951,0.11,0.28
0.79575514793396,,0.14,
0.8489388227462769,,0.17,
0.8213470578193665,,0.25,
0.7842040061950684,,0.1,
0.7848163843154907,,0.12,
0.782081663608551,,0.12,
0.7206531763076782,,0.26,
0.7784082293510437,,0.07,
0.7912653088569641,,0.1,
0.7927755117416382,,0.13,
0.6596327424049377,,0.81,
