shuffled_feature_mean_accuracy,unshuffled_feature_mean_accuracy
0.05714285714285714,0.26142857142857134
0.27142857142857135,
0.24571428571428564,
0.09714285714285716,
0.21,
0.2657142857142857,
0.28857142857142853,
0.3642857142857143,
0.2571428571428572,
0.18857142857142853,
0.15,
