shuffled_feature_mean_accuracy,unshuffled_feature_mean_accuracy
0.06142857142857142,0.28714285714285703
0.2928571428571428,
0.2428571428571428,
0.12571428571428567,
0.18857142857142853,
0.2642857142857143,
0.27999999999999997,
0.2971428571428571,
0.20428571428571426,
0.15999999999999998,
0.1414285714285714,
