shuffled_feature_mean_accuracy,unshuffled_feature_mean_accuracy
0.06285714285714285,0.2657142857142856
0.23571428571428568,
0.2871428571428571,
0.16428571428571426,
0.19999999999999996,
0.21428571428571427,
0.2585714285714285,
0.34285714285714286,
0.24142857142857138,
0.17285714285714285,
0.15857142857142856,
