shuffled_feature_mean_accuracy,unshuffled_feature_mean_accuracy
0.06142857142857142,0.2799999999999999
0.26999999999999996,
0.2614285714285714,
0.13428571428571426,
0.20285714285714285,
0.23571428571428568,
0.2714285714285714,
0.3271428571428572,
0.24714285714285708,
0.21999999999999992,
0.16142857142857142,
