shuffled_feature_mean_accuracy,unshuffled_feature_mean_accuracy
0.04285714285714286,0.2699999999999999
0.2728571428571428,
0.28142857142857136,
0.11999999999999998,
0.25142857142857145,
0.23714285714285713,
0.25285714285714284,
0.3028571428571429,
0.23857142857142855,
0.20857142857142855,
0.16142857142857142,
