fastRELIC_accuracy,fastRELIC_average,State_Register_accuracy,State_Register_average
0.265625,0.315625,0.0,0.08297872340425531
0.265625,,0.0,
0.265625,,0.0,
0.265625,,0.0,
0.265625,,0.0,
0.265625,,0.0,
0.765625,,0.8297872340425532,
0.265625,,0.0,
0.265625,,0.0,
0.265625,,0.0,
