fastRELIC_accuracy,fastRELIC_average,State_Register_accuracy,State_Register_average
0.9523809523809523,0.838095238095238,0.8,0.32
0.8571428571428571,,0.4,
0.9523809523809523,,0.8,
0.7619047619047619,,0.0,
0.9047619047619048,,0.6,
0.7619047619047619,,0.0,
0.7619047619047619,,0.0,
0.9047619047619048,,0.6,
0.7619047619047619,,0.0,
0.7619047619047619,,0.0,
