fastRELIC_accuracy,fastRELIC_average,State_Register_accuracy,State_Register_average
0.9545454545454546,0.9045454545454545,0.5,0.6
0.9696969696969697,,1.0,
1.0,,1.0,
0.9696969696969697,,0.0,
0.7424242424242424,,1.0,
0.9696969696969697,,0.0,
0.8636363636363636,,0.5,
0.9696969696969697,,0.0,
0.7424242424242424,,1.0,
0.8636363636363636,,1.0,
