fastRELIC_accuracy,fastRELIC_average,State_Register_accuracy,State_Register_average
0.9066666666666666,0.9239999999999998,0.0,0.18571428571428572
0.9066666666666666,,0.0,
0.9066666666666666,,0.0,
1.0,,1.0,
0.9066666666666666,,0.0,
0.9733333333333334,,0.7142857142857143,
0.9066666666666666,,0.0,
0.92,,0.14285714285714285,
0.9066666666666666,,0.0,
0.9066666666666666,,0.0,
