fastRELIC_accuracy,fastRELIC_average,State_Register_accuracy,State_Register_average
0.7843137254901961,0.7980392156862746,0.0,0.4
0.5490196078431373,,1.0,
0.8627450980392157,,1.0,
0.7843137254901961,,0.0,
0.7843137254901961,,0.0,
0.7843137254901961,,0.0,
0.9803921568627451,,1.0,
0.8823529411764706,,1.0,
0.7843137254901961,,0.0,
0.7843137254901961,,0.0,
