fastRELIC_accuracy,fastRELIC_average,State_Register_accuracy,State_Register_average
0.7647058823529411,0.7941176470588235,0.0,0.225
0.7647058823529411,,0.0,
0.7647058823529411,,0.0,
0.7647058823529411,,1.0,
0.7647058823529411,,0.0,
0.8235294117647058,,0.25,
0.7647058823529411,,0.0,
0.7647058823529411,,0.0,
0.7647058823529411,,0.0,
1.0,,1.0,
