fastRELIC_accuracy,fastRELIC_average,State_Register_accuracy,State_Register_average
0.8928571428571429,0.8142857142857143,1.0,0.6
0.8928571428571429,,1.0,
0.6071428571428571,,1.0,
0.6785714285714286,,1.0,
0.9285714285714286,,0.0,
0.6785714285714286,,1.0,
0.9285714285714286,,0.0,
0.9285714285714286,,0.0,
0.9285714285714286,,0.0,
0.6785714285714286,,1.0,
