fastRELIC_accuracy,fastRELIC_average,State_Register_accuracy,State_Register_average
0.636734693877551,0.7967346938775509,1.0,0.6
0.6938775510204082,,1.0,
0.9959183673469387,,0.0,
0.7510204081632653,,1.0,
0.5020408163265306,,1.0,
0.9959183673469387,,0.0,
0.7918367346938775,,1.0,
0.9959183673469387,,0.0,
0.9959183673469387,,0.0,
0.6081632653061224,,1.0,
