fastRELIC_accuracy,fastRELIC_average,State_Register_accuracy,State_Register_average
0.5333333333333333,0.6733333333333335,0.0,0.48571428571428577
0.5333333333333333,,0.0,
0.8,,1.0,
0.5333333333333333,,0.0,
0.9333333333333333,,1.0,
0.5333333333333333,,0.0,
0.9333333333333333,,1.0,
0.5333333333333333,,0.0,
0.8666666666666667,,0.8571428571428571,
0.5333333333333333,,1.0,
