fastRELIC_accuracy,fastRELIC_average,State_Register_accuracy,State_Register_average
0.9873873873873874,0.9553153153153154,0.0,0.37142857142857144
0.9603603603603603,,0.7142857142857143,
0.972972972972973,,0.7142857142857143,
0.9873873873873874,,0.0,
0.9837837837837838,,0.42857142857142855,
0.9873873873873874,,0.0,
0.9855855855855856,,0.42857142857142855,
0.7387387387387387,,0.7142857142857143,
0.9621621621621622,,0.7142857142857143,
0.9873873873873874,,0.0,
