shuffled_feature_mean_accuracy,unshuffled_feature_mean_accuracy
0.38571426272392273,0.5099999308586121
0.5021428465843201,
0.5339285731315613,
0.5360714197158813,
0.46464279294013977,
0.4485713839530945,
0.4882142245769501,
0.45892855525016785,
0.47499996423721313,
0.46714282035827637,
0.6671428680419922,
0.5549999475479126,
