shuffled_feature_mean_accuracy,unshuffled_feature_mean_accuracy
0.385357141494751,0.4842856526374817
0.4957142174243927,
0.4853571355342865,
0.5503571033477783,
0.4553571045398712,
0.4432142376899719,
0.4842856526374817,
0.46035709977149963,
0.4957142174243927,
0.4782142639160156,
0.6760714054107666,
0.5817856788635254,
