shuffled_feature_mean_accuracy,unshuffled_feature_mean_accuracy
0.38428565859794617,0.5132142901420593
0.47678565979003906,
0.512499988079071,
0.5535714626312256,
0.4610714018344879,
0.44285714626312256,
0.4592856466770172,
0.4699999988079071,
0.4371427893638611,
0.4607142508029938,
0.6974999904632568,
0.5764284729957581,
