shuffled_feature_mean_accuracy,unshuffled_feature_mean_accuracy
0.3885713815689087,0.5146427750587463
0.4939285218715668,
0.4682142734527588,
0.5324999690055847,
0.42535704374313354,
0.4457142651081085,
0.47071418166160583,
0.4789285659790039,
0.48714280128479004,
0.46464279294013977,
0.691428542137146,
0.5721428394317627,
