shuffled_feature_mean_accuracy,unshuffled_feature_mean_accuracy
0.3910714089870453,0.522142767906189
0.5010713934898376,
0.4696427881717682,
0.5692856907844543,
0.4592856466770172,
0.47035712003707886,
0.46607139706611633,
0.4407142400741577,
0.48321422934532166,
0.4428570866584778,
0.6892857551574707,
0.5714284777641296,
