shuffled_feature_mean_accuracy,unshuffled_feature_mean_accuracy
0.8299999999999998,0.96
0.7,
0.8966666666666667,
0.8633333333333334,
0.9233333333333333,
0.8333333333333333,
0.9333333333333335,
0.9066666666666667,
0.7933333333333334,
0.9633333333333333,
0.7400000000000001,
0.9866666666666666,
0.9566666666666667,
