shuffled_feature_mean_accuracy,unshuffled_feature_mean_accuracy
0.8133333333333332,0.9633333333333334
0.7,
0.9433333333333335,
0.9,
0.95,
0.8566666666666667,
0.93,
0.9533333333333335,
0.8066666666666668,
0.9533333333333333,
0.7466666666666666,
0.9566666666666667,
0.9633333333333333,
