shuffled_feature_mean_accuracy,unshuffled_feature_mean_accuracy
0.83,0.9533333333333333
0.7933333333333333,
0.8966666666666666,
0.9233333333333333,
0.9266666666666667,
0.8766666666666666,
0.9600000000000002,
0.92,
0.8266666666666665,
0.96,
0.7533333333333333,
0.9400000000000002,
0.97,
