shuffled_feature_mean_accuracy,unshuffled_feature_mean_accuracy
0.8433333333333333,0.9499999999999998
0.7266666666666666,
0.8966666666666667,
0.87,
0.9366666666666665,
0.8,
0.9233333333333333,
0.9833333333333334,
0.77,
0.9433333333333335,
0.72,
0.9333333333333332,
0.9266666666666669,
