shuffled_feature_mean_accuracy,unshuffled_feature_mean_accuracy
0.8166666666666668,0.9866666666666666
0.6933333333333332,
0.8600000000000001,
0.9066666666666666,
0.9433333333333335,
0.8499999999999999,
0.97,
0.9366666666666668,
0.7633333333333333,
0.9566666666666667,
0.7166666666666667,
0.9466666666666668,
0.9366666666666668,
