shuffled_feature_mean_accuracy,unshuffled_feature_mean_accuracy
0.32640624046325684,0.5531250238418579
0.55859375,
0.7303125262260437,
0.5918750166893005,
0.5915625095367432,
0.5628125071525574,
0.5506250262260437,
0.3854687511920929,
0.5706250071525574,
0.5982812643051147,
0.6371874809265137,
0.44718751311302185,
