shuffled_feature_mean_accuracy,unshuffled_feature_mean_accuracy
0.34203124046325684,0.55078125
0.5696874856948853,
0.7345312237739563,
0.5881249904632568,
0.5981249809265137,
0.543749988079071,
0.5467187762260437,
0.36500000953674316,
0.5604687333106995,
0.5729687213897705,
0.6209375262260437,
0.45500001311302185,
