shuffled_feature_mean_accuracy,unshuffled_feature_mean_accuracy
0.3334375023841858,0.5590624809265137
0.5774999856948853,
0.7214062213897705,
0.6154687404632568,
0.5849999785423279,
0.5387499928474426,
0.5642187595367432,
0.3831250071525574,
0.5756250023841858,
0.602343738079071,
0.6223437786102295,
0.4403125047683716,
