shuffled_feature_mean_accuracy,unshuffled_feature_mean_accuracy
0.35093748569488525,0.5428125262260437
0.5756250023841858,
0.7290624976158142,
0.616406261920929,
0.590624988079071,
0.5565624833106995,
0.5553125143051147,
0.37421876192092896,
0.5776562690734863,
0.5849999785423279,
0.6379687786102295,
0.47328126430511475,
