shuffled_feature_mean_accuracy,unshuffled_feature_mean_accuracy
0.33265626430511475,0.5589062571525574
0.5640624761581421,
0.7217187285423279,
0.6139062643051147,
0.5921875238418579,
0.5660937428474426,
0.5645312666893005,
0.3712500035762787,
0.58203125,
0.5918750166893005,
0.6196874976158142,
0.43187499046325684,
