shuffled_feature_mean_accuracy,unshuffled_feature_mean_accuracy,shuffled_feature_state_mean_accuracy,unshuffled_feature_state_mean_accuracy
0.6889286637306213,0.7164285778999329,0.95,0.91
0.8053571581840515,,0.79,
0.7392857074737549,,0.885,
0.832857072353363,,0.695,
0.791785717010498,,0.79,
0.7500000596046448,,0.855,
0.7939286231994629,,0.735,
0.796071469783783,,0.86,
0.7907142639160156,,0.835,
0.7957144379615784,,0.78,
0.8575001358985901,,0.585,
0.5228571891784668,,0.55,
