shuffled_feature_mean_accuracy,unshuffled_feature_mean_accuracy,shuffled_feature_state_mean_accuracy,unshuffled_feature_state_mean_accuracy
0.6935714483261108,0.723928689956665,0.93,0.92
0.7928572297096252,,0.77,
0.735714316368103,,0.9,
0.8264285922050476,,0.69,
0.808571457862854,,0.775,
0.7446428537368774,,0.885,
0.796071469783783,,0.785,
0.7992858290672302,,0.875,
0.7735714912414551,,0.785,
0.7896429300308228,,0.8,
0.8650000095367432,,0.56,
0.5564285516738892,,0.555,
