shuffled_feature_mean_accuracy,unshuffled_feature_mean_accuracy,shuffled_feature_state_mean_accuracy,unshuffled_feature_state_mean_accuracy
0.7064287066459656,0.7382143139839172,0.955,0.935
0.7885714769363403,,0.74,
0.7325000762939453,,0.885,
0.8371429443359375,,0.68,
0.7921428680419922,,0.72,
0.7692857980728149,,0.82,
0.807142972946167,,0.735,
0.7871429324150085,,0.88,
0.7957143187522888,,0.765,
0.792142927646637,,0.76,
0.8675000667572021,,0.565,
0.5239285826683044,,0.625,
