shuffled_feature_mean_accuracy,unshuffled_feature_mean_accuracy,shuffled_feature_state_mean_accuracy,unshuffled_feature_state_mean_accuracy
0.688571572303772,0.7192857265472412,0.955,0.94
0.7900000810623169,,0.775,
0.729285717010498,,0.89,
0.8396427631378174,,0.645,
0.7774999737739563,,0.785,
0.7628572583198547,,0.865,
0.8117856383323669,,0.71,
0.7971428632736206,,0.86,
0.7932142615318298,,0.78,
0.807142972946167,,0.76,
0.8617858290672302,,0.58,
0.5342857241630554,,0.57,
