shuffled_feature_mean_accuracy,unshuffled_feature_mean_accuracy,shuffled_feature_state_mean_accuracy,unshuffled_feature_state_mean_accuracy
0.6885714530944824,0.7160714864730835,0.96,0.945
0.7939286231994629,,0.745,
0.7300000190734863,,0.875,
0.8353573083877563,,0.72,
0.8000000715255737,,0.74,
0.7421428561210632,,0.875,
0.7989286184310913,,0.8,
0.7789285778999329,,0.895,
0.8035714626312256,,0.705,
0.7914286255836487,,0.725,
0.8521428108215332,,0.595,
0.5285714864730835,,0.58,
