shuffled_feature_mean_accuracy,unshuffled_feature_mean_accuracy
0.5467856526374817,0.6349999308586121
0.637499988079071,
0.6171428561210632,
0.7082143425941467,
0.658214271068573,
0.6182142496109009,
0.6585714817047119,
0.5574999451637268,
0.6371428966522217,
0.6546428799629211,
0.752500057220459,
0.5764285326004028,
