shuffled_feature_mean_accuracy,unshuffled_feature_mean_accuracy
0.520714282989502,0.6228570938110352
0.6382142305374146,
0.6592857241630554,
0.7117857336997986,
0.6435713768005371,
0.620357096195221,
0.6675000786781311,
0.5457141995429993,
0.6199999451637268,
0.6460713744163513,
0.7610714435577393,
0.5614285469055176,
