shuffled_feature_mean_accuracy,unshuffled_feature_mean_accuracy
0.5321428179740906,0.6253571510314941
0.6489285826683044,
0.6507142782211304,
0.7039287090301514,
0.6442856788635254,
0.635357141494751,
0.6678572297096252,
0.5574999451637268,
0.626428484916687,
0.6421427726745605,
0.7321429252624512,
0.5803571343421936,
