shuffled_feature_mean_accuracy,unshuffled_feature_mean_accuracy
0.5521427989006042,0.6185713410377502
0.6407142877578735,
0.6549999117851257,
0.7214285135269165,
0.6574999094009399,
0.6324999332427979,
0.6671428680419922,
0.5567856431007385,
0.6432141661643982,
0.6603572368621826,
0.770714282989502,
0.5896428227424622,
