shuffled_feature_mean_accuracy,unshuffled_feature_mean_accuracy
0.5442856550216675,0.6185713410377502
0.647857129573822,
0.6324999332427979,
0.7203571796417236,
0.6564285755157471,
0.6296428442001343,
0.667142927646637,
0.5624999403953552,
0.6239285469055176,
0.6539285778999329,
0.7550000548362732,
0.5810713768005371,
