shuffled_feature_mean_accuracy,unshuffled_feature_mean_accuracy
0.8642857142857144,0.4357142857142857
0.6542857142857141,
0.5957142857142858,
0.65,
0.6057142857142859,
0.6714285714285714,
0.6585714285714285,
0.7085714285714283,
0.6471428571428571,
0.6428571428571429,
0.6285714285714286,
0.47714285714285715,
