shuffled_feature_mean_accuracy,unshuffled_feature_mean_accuracy
0.8214285714285714,0.4271428571428572
0.6471428571428571,
0.5700000000000001,
0.6285714285714287,
0.6242857142857143,
0.6642857142857141,
0.6599999999999998,
0.7228571428571426,
0.6257142857142858,
0.6457142857142858,
0.6285714285714287,
0.4357142857142857,
