shuffled_feature_mean_accuracy,unshuffled_feature_mean_accuracy
0.8042857142857143,0.40571428571428575
0.6485714285714286,
0.6157142857142857,
0.6471428571428572,
0.6500000000000001,
0.6714285714285714,
0.6457142857142857,
0.7199999999999998,
0.622857142857143,
0.6357142857142858,
0.6242857142857143,
0.45571428571428574,
