shuffled_feature_mean_accuracy,unshuffled_feature_mean_accuracy
0.8142857142857142,0.4114285714285715
0.6457142857142857,
0.6042857142857143,
0.6328571428571429,
0.5871428571428572,
0.6642857142857141,
0.6785714285714284,
0.717142857142857,
0.657142857142857,
0.6300000000000001,
0.6457142857142857,
0.44714285714285723,
