shuffled_feature_mean_accuracy,unshuffled_feature_mean_accuracy
0.8342857142857142,0.42571428571428577
0.622857142857143,
0.5599999999999999,
0.602857142857143,
0.6257142857142859,
0.6714285714285714,
0.6728571428571428,
0.714285714285714,
0.622857142857143,
0.5957142857142859,
0.6428571428571429,
0.43285714285714283,
