shuffled_feature_mean_accuracy,unshuffled_feature_mean_accuracy
0.6626666784286499,0.7380000352859497
0.7400000095367432,
0.6373333930969238,
0.6346666812896729,
0.7006666660308838,
0.6906667351722717,
0.6553333401679993,
0.8026667237281799,
0.7639999985694885,
0.688666582107544,
0.7673332691192627,
0.6639999151229858,
