shuffled_feature_mean_accuracy,unshuffled_feature_mean_accuracy
0.6579999327659607,0.7193333506584167
0.7360000610351562,
0.6419999599456787,
0.6526666283607483,
0.6980000138282776,
0.7153334021568298,
0.6586666107177734,
0.8000000715255737,
0.7413333654403687,
0.681999921798706,
0.7506666779518127,
0.6639999151229858,
