shuffled_feature_mean_accuracy,unshuffled_feature_mean_accuracy
0.6579999327659607,0.6999998688697815
0.7466667294502258,
0.6506666541099548,
0.6399999856948853,
0.698666512966156,
0.7213333249092102,
0.6759999990463257,
0.800000011920929,
0.7413334846496582,
0.6813333630561829,
0.7773334980010986,
0.6766665577888489,
