shuffled_feature_mean_accuracy,unshuffled_feature_mean_accuracy
0.6600000262260437,0.7306666374206543
0.7540000677108765,
0.6493333578109741,
0.6340000033378601,
0.6966665387153625,
0.6886665225028992,
0.653999924659729,
0.8106667399406433,
0.7606666088104248,
0.68666672706604,
0.7466667294502258,
0.6526666879653931,
