shuffled_feature_mean_accuracy,unshuffled_feature_mean_accuracy
0.692000150680542,0.7260000109672546
0.7513334155082703,
0.6380000114440918,
0.640666663646698,
0.6833332777023315,
0.7033333778381348,
0.6513333320617676,
0.8053334951400757,
0.7406667470932007,
0.6793332695960999,
0.7753334045410156,
0.6573331952095032,
