shuffled_feature_mean_accuracy,unshuffled_feature_mean_accuracy
0.6973332762718201,0.7399999499320984
0.7986667156219482,
0.75,
0.7433332800865173,
0.7473333477973938,
0.7713333368301392,
0.7313332557678223,
0.8219999670982361,
0.7893335223197937,
0.7560000419616699,
0.7773333787918091,
0.7466667294502258,
0.6739999651908875,
