shuffled_feature_mean_accuracy,unshuffled_feature_mean_accuracy
0.718666672706604,0.7259998917579651
0.8046667575836182,
0.7493332624435425,
0.7666667103767395,
0.7460000514984131,
0.754666805267334,
0.7419999837875366,
0.8186667561531067,
0.8013333678245544,
0.7566667795181274,
0.780666708946228,
0.7519999742507935,
0.6753333806991577,
