shuffled_feature_mean_accuracy,unshuffled_feature_mean_accuracy
0.688666582107544,0.7366666197776794
0.8060002326965332,
0.7366666197776794,
0.7299998998641968,
0.7359998822212219,
0.7813333868980408,
0.7386667132377625,
0.8166667222976685,
0.7900000214576721,
0.7640001177787781,
0.7786667346954346,
0.752000093460083,
0.6793332099914551,
