shuffled_feature_mean_accuracy,unshuffled_feature_mean_accuracy
0.6846666932106018,0.7313332557678223
0.8000000715255737,
0.7459999918937683,
0.7413333058357239,
0.7486667037010193,
0.7660000324249268,
0.7326667308807373,
0.8220001459121704,
0.8140001893043518,
0.7580001354217529,
0.7933332920074463,
0.7460000514984131,
0.6579999327659607,
