shuffled_feature_mean_accuracy,unshuffled_feature_mean_accuracy
0.687999963760376,0.7179999351501465
0.7973334789276123,
0.7506666779518127,
0.7546666860580444,
0.7406666278839111,
0.7660000324249268,
0.7359998822212219,
0.8433334231376648,
0.7993335127830505,
0.7573333978652954,
0.765333354473114,
0.7493335008621216,
0.6913334131240845,
