shuffled_feature_mean_accuracy,unshuffled_feature_mean_accuracy
0.4627451002597809,0.8376471996307373
0.8521569967269897,
0.8203923106193542,
0.8409805297851562,
0.8423530459403992,
0.8449020385742188,
0.8496080040931702,
0.8264707922935486,
0.8482354879379272,
0.8415687084197998,
0.84686279296875,
