shuffled_feature_mean_accuracy,unshuffled_feature_mean_accuracy
0.48862746357917786,0.8380393981933594
0.8490197062492371,
0.8184314966201782,
0.8450981974601746,
0.8431373834609985,
0.8450981378555298,
0.852549135684967,
0.8345099687576294,
0.8486275672912598,
0.8419609069824219,
0.8513725996017456,
