shuffled_feature_mean_accuracy,unshuffled_feature_mean_accuracy
0.5374510288238525,0.8339216709136963
0.8460785150527954,
0.8145098090171814,
0.8396079540252686,
0.8421570062637329,
0.846666693687439,
0.8562745451927185,
0.8354902863502502,
0.8511766195297241,
0.8417648077011108,
0.8482353687286377,
