shuffled_feature_mean_accuracy,unshuffled_feature_mean_accuracy
0.4396078586578369,0.8374511003494263
0.8472549319267273,
0.8217648267745972,
0.8409805297851562,
0.8296079039573669,
0.8470589518547058,
0.8490197658538818,
0.8301962018013,
0.8529412746429443,
0.839019775390625,
0.8500000834465027,
