shuffled_feature_mean_accuracy,unshuffled_feature_mean_accuracy
0.4633333086967468,0.8356863260269165
0.8490197062492371,
0.8192158341407776,
0.8419608473777771,
0.8394118547439575,
0.8396079540252686,
0.8564706444740295,
0.8298040628433228,
0.8545099496841431,
0.8358824849128723,
0.850196123123169,
