shuffled_feature_mean_accuracy,unshuffled_feature_mean_accuracy
0.9866666666666667,1.0
0.99,
1.0,
0.9966666666666666,
1.0,
0.9733333333333334,
1.0,
0.9866666666666667,
0.99,
1.0,
0.9899999999999999,
