shuffled_feature_mean_accuracy,unshuffled_feature_mean_accuracy
1.0,0.97
0.98,
0.99,
1.0,
1.0,
0.9166666666666665,
1.0,
0.97,
0.97,
1.0,
0.9733333333333334,
