shuffled_feature_mean_accuracy,unshuffled_feature_mean_accuracy
0.9933333333333333,1.0
0.9533333333333333,
0.9933333333333333,
0.9933333333333333,
1.0,
0.8766666666666667,
1.0,
0.9399999999999998,
0.9733333333333333,
1.0,
0.9766666666666666,
