shuffled_feature_mean_accuracy,unshuffled_feature_mean_accuracy
1.0,0.9833333333333334
1.0,
1.0,
1.0,
0.99,
0.94,
1.0,
0.97,
0.98,
1.0,
0.9966666666666666,
