shuffled_feature_mean_accuracy,unshuffled_feature_mean_accuracy
1.0,0.9933333333333333
0.9966666666666667,
1.0,
1.0,
0.9966666666666667,
0.95,
1.0,
0.9933333333333334,
0.97,
1.0,
0.9766666666666666,
