shuffled_feature_mean_accuracy,unshuffled_feature_mean_accuracy,shuffled_feature_state_mean_accuracy,unshuffled_feature_state_mean_accuracy
0.966163158416748,0.67734694480896,0.19,0.16
0.7268980145454407,,0.18,
0.7167755365371704,,0.42,
0.7668980360031128,,0.26,
0.7270612120628357,,0.23,
0.7093878388404846,,0.2,
0.7204489707946777,,0.14,
0.6431428790092468,,0.27,
0.722734808921814,,0.12,
0.7215919494628906,,0.2,
0.749183714389801,,0.16,
0.7628571391105652,,0.19,
0.6377550959587097,,0.4,
