shuffled_feature_mean_accuracy,unshuffled_feature_mean_accuracy,shuffled_feature_state_mean_accuracy,unshuffled_feature_state_mean_accuracy
0.9651428461074829,0.6748571991920471,0.19,0.15
0.7437958717346191,,0.11,
0.7263674139976501,,0.34,
0.7638367414474487,,0.21,
0.7222449779510498,,0.21,
0.7353878021240234,,0.2,
0.7142448425292969,,0.15,
0.6560409069061279,,0.25,
0.7198368310928345,,0.15,
0.7126938104629517,,0.17,
0.7576735615730286,,0.12,
0.7680816650390625,,0.17,
0.6413061022758484,,0.33,
