shuffled_feature_mean_accuracy,unshuffled_feature_mean_accuracy,shuffled_feature_state_mean_accuracy,unshuffled_feature_state_mean_accuracy
0.9726529717445374,0.6632652878761292,0.16,0.19
0.7183265686035156,,0.17,
0.7055101990699768,,0.27,
0.7775102853775024,,0.22,
0.7104490399360657,,0.17,
0.7022857069969177,,0.21,
0.699755072593689,,0.24,
0.6594694256782532,,0.23,
0.7319183349609375,,0.11,
0.7186121940612793,,0.07,
0.7508978843688965,,0.14,
0.7547347545623779,,0.16,
0.6504489779472351,,0.33,
