shuffled_feature_mean_accuracy,unshuffled_feature_mean_accuracy,shuffled_feature_state_mean_accuracy,unshuffled_feature_state_mean_accuracy
0.9726938605308533,0.673061192035675,0.16,0.18
0.727959156036377,,0.12,
0.7182857394218445,,0.3,
0.7804082632064819,,0.23,
0.7233469486236572,,0.2,
0.7068164348602295,,0.21,
0.7115102410316467,,0.17,
0.663673460483551,,0.29,
0.7176734805107117,,0.21,
0.7137959003448486,,0.17,
0.7449389100074768,,0.19,
0.7657551765441895,,0.19,
0.6495101451873779,,0.37,
