shuffled_feature_mean_accuracy,unshuffled_feature_mean_accuracy,shuffled_feature_state_mean_accuracy,unshuffled_feature_state_mean_accuracy
0.9674285054206848,0.6708571910858154,0.21,0.2
0.7302857041358948,,0.13,
0.7393877506256104,,0.28,
0.7803672552108765,,0.23,
0.7088162899017334,,0.14,
0.7331020832061768,,0.18,
0.7099183797836304,,0.15,
0.6590611934661865,,0.24,
0.7259592413902283,,0.18,
0.721020519733429,,0.16,
0.7662041187286377,,0.17,
0.7748980522155762,,0.15,
0.6428163051605225,,0.33,
