shuffled_feature_mean_accuracy,unshuffled_feature_mean_accuracy
0.981249988079071,0.9975000023841858
0.9700000286102295,
1.0,
1.0,
1.0,
0.9412500262260437,
1.0,
0.9725000262260437,
0.9737499952316284,
1.0,
0.9624999761581421,
