shuffled_feature_mean_accuracy,unshuffled_feature_mean_accuracy
0.9937499761581421,0.9950000047683716
0.9887499809265137,
0.9887499809265137,
0.9987499713897705,
1.0,
0.9437500238418579,
0.9912499785423279,
0.9850000143051147,
0.9700000286102295,
0.9975000023841858,
0.9587500095367432,
