shuffled_feature_mean_accuracy,unshuffled_feature_mean_accuracy
0.9837499856948853,1.0
0.9737499952316284,
0.9987499713897705,
0.9937499761581421,
1.0,
0.9649999737739563,
0.9937499761581421,
0.9762499928474426,
0.981249988079071,
1.0,
0.9700000286102295,
