shuffled_feature_mean_accuracy,unshuffled_feature_mean_accuracy
0.9900000095367432,0.9962499737739563
0.9787499904632568,
0.9900000095367432,
1.0,
1.0,
0.9537500143051147,
0.9912499785423279,
0.9750000238418579,
0.9800000190734863,
0.9987499713897705,
0.9549999833106995,
