shuffled_feature_mean_accuracy,unshuffled_feature_mean_accuracy
0.9887499809265137,0.9975000023841858
0.9674999713897705,
0.9962499737739563,
1.0,
1.0,
0.9474999904632568,
0.9837499856948853,
0.9750000238418579,
0.9850000143051147,
1.0,
0.9474999904632568,
