shuffled_feature_mean_accuracy,unshuffled_feature_mean_accuracy
0.8514285087585449,0.833809494972229
0.8785713315010071,
0.8738094568252563,
0.8666666150093079,
0.8609523773193359,
0.8976189494132996,
0.8704761266708374,
0.9038094878196716,
0.8761904835700989,
0.8623809218406677,
0.8599998354911804,
0.8199999928474426,
