shuffled_feature_mean_accuracy,unshuffled_feature_mean_accuracy
0.859047532081604,0.8342857360839844
0.8752380609512329,
0.8504761457443237,
0.8661904335021973,
0.871904730796814,
0.8904761672019958,
0.8738094568252563,
0.9109523296356201,
0.8799999952316284,
0.873333215713501,
0.879523754119873,
0.7971428036689758,
