shuffled_feature_mean_accuracy,unshuffled_feature_mean_accuracy
0.8509523272514343,0.8366666436195374
0.8861904144287109,
0.8633333444595337,
0.8585712909698486,
0.8747618794441223,
0.90666663646698,
0.891428530216217,
0.8928570747375488,
0.8852380514144897,
0.8695237636566162,
0.8742856383323669,
0.8295238018035889,
