shuffled_feature_mean_accuracy,unshuffled_feature_mean_accuracy
0.8442856073379517,0.8461903929710388
0.8823809027671814,
0.8657141923904419,
0.8542855978012085,
0.8657142519950867,
0.8895236849784851,
0.8742855191230774,
0.8980952501296997,
0.8790475726127625,
0.8771427869796753,
0.8819047808647156,
0.8433333039283752,
