shuffled_feature_mean_accuracy,unshuffled_feature_mean_accuracy
0.850476086139679,0.8404760956764221
0.8823809027671814,
0.8619047403335571,
0.846190333366394,
0.8723809719085693,
0.9057142734527588,
0.8728571534156799,
0.8980951905250549,
0.8738095164299011,
0.8647618293762207,
0.8547618985176086,
0.8409522771835327,
