shuffled_feature_mean_accuracy,unshuffled_feature_mean_accuracy
0.8146668076515198,0.625333309173584
0.8466668128967285,
0.8586668372154236,
0.864666759967804,
0.8493334054946899,
0.8553335070610046,
0.848666787147522,
0.8460001349449158,
0.8573334217071533,
0.8686667680740356,
0.8366667032241821,
