shuffled_feature_mean_accuracy,unshuffled_feature_mean_accuracy
0.8000001311302185,0.640666663646698
0.8320000171661377,
0.8573334217071533,
0.8540000915527344,
0.8746667504310608,
0.8293334245681763,
0.8473334312438965,
0.8346667289733887,
0.8500000238418579,
0.8573333024978638,
0.8260000348091125,
