shuffled_feature_mean_accuracy,unshuffled_feature_mean_accuracy
0.8086668252944946,0.6353332996368408
0.8360001444816589,
0.8653333783149719,
0.8546667695045471,
0.8693334460258484,
0.8446667194366455,
0.8486668467521667,
0.8420000672340393,
0.8140000700950623,
0.8726667761802673,
0.8106667399406433,
