shuffled_feature_mean_accuracy,unshuffled_feature_mean_accuracy
0.8060000538825989,0.6479999423027039
0.8293334245681763,
0.8800000548362732,
0.8713334798812866,
0.8660000562667847,
0.8520000576972961,
0.8440001010894775,
0.8580000400543213,
0.8393334150314331,
0.8833334445953369,
0.8133333325386047,
