shuffled_feature_mean_accuracy,unshuffled_feature_mean_accuracy
0.811333417892456,0.6366666555404663
0.8466668128967285,
0.8880000114440918,
0.8566668033599854,
0.8700001239776611,
0.8506668210029602,
0.8580001592636108,
0.8506668210029602,
0.8386667370796204,
0.8753334283828735,
0.8240000009536743,
