shuffled_feature_mean_accuracy,unshuffled_feature_mean_accuracy
0.910897970199585,0.611510157585144
0.6275918483734131,
0.6284897923469543,
0.6851019859313965,
0.623918354511261,
0.6206939220428467,
0.6226531267166138,
0.5887755155563354,
0.6348979473114014,
0.6319183707237244,
0.6544898152351379,
0.5899183750152588,
