shuffled_feature_mean_accuracy,unshuffled_feature_mean_accuracy
0.9325305223464966,0.6093061566352844
0.6210611462593079,
0.626081645488739,
0.6671428680419922,
0.6306939125061035,
0.6251837015151978,
0.6182040572166443,
0.5824490189552307,
0.6380408406257629,
0.6328979134559631,
0.660244882106781,
0.5942857265472412,
