shuffled_feature_mean_accuracy,unshuffled_feature_mean_accuracy
0.9128162860870361,0.6091428399085999
0.6342041492462158,
0.6274694204330444,
0.6554286479949951,
0.6320000290870667,
0.6333877444267273,
0.6294286251068115,
0.5839592218399048,
0.6269795894622803,
0.629510223865509,
0.6617958545684814,
0.5829387903213501,
