shuffled_feature_mean_accuracy,unshuffled_feature_mean_accuracy
0.9260408282279968,0.6009387373924255
0.6359999775886536,
0.623102068901062,
0.6778776049613953,
0.6141224503517151,
0.6259999871253967,
0.6211020350456238,
0.5807754993438721,
0.6305714249610901,
0.6209387183189392,
0.6493470072746277,
0.5955101847648621,
