shuffled_feature_mean_accuracy,unshuffled_feature_mean_accuracy
0.91791832447052,0.6076735258102417
0.6306122541427612,
0.6324489712715149,
0.6845305562019348,
0.6260408163070679,
0.6320408582687378,
0.6274694204330444,
0.5796734690666199,
0.6335918307304382,
0.6227754950523376,
0.647673487663269,
0.5942040681838989,
