shuffled_feature_mean_accuracy,unshuffled_feature_mean_accuracy
0.7260783910751343,0.8537256121635437
0.899019718170166,
0.8833334445953369,
0.8839216828346252,
0.895490288734436,
0.8931373357772827,
0.8921568989753723,
0.8921569585800171,
0.8958824276924133,
0.8829411864280701,
0.8876470923423767,
0.8303923010826111,
