shuffled_feature_mean_accuracy,unshuffled_feature_mean_accuracy
0.7599999904632568,0.8515687584877014
0.889607846736908,
0.889803946018219,
0.8835294246673584,
0.8927451968193054,
0.9000001549720764,
0.8776471018791199,
0.8868628144264221,
0.8917648196220398,
0.8868628144264221,
0.8964706659317017,
0.850196123123169,
