shuffled_feature_mean_accuracy,unshuffled_feature_mean_accuracy
0.7599999904632568,0.8445098996162415
0.895490288734436,
0.8878431916236877,
0.8552941679954529,
0.8870588541030884,
0.8923530578613281,
0.8901961445808411,
0.8915687799453735,
0.8878431916236877,
0.8839216828346252,
0.888039231300354,
0.8460785746574402,
