shuffled_feature_mean_accuracy,unshuffled_feature_mean_accuracy
0.7962744832038879,0.8447059392929077
0.8892157077789307,
0.8829413056373596,
0.8849020600318909,
0.8962745666503906,
0.8947058916091919,
0.8929412364959717,
0.8927451968193054,
0.8921568989753723,
0.8964707255363464,
0.891568660736084,
0.8425491452217102,
