shuffled_feature_mean_accuracy,unshuffled_feature_mean_accuracy
0.7703921794891357,0.85392165184021
0.8976470828056335,
0.8735294938087463,
0.8772549629211426,
0.8890197277069092,
0.8803922533988953,
0.8764706254005432,
0.8939216732978821,
0.8933334350585938,
0.8909804821014404,
0.8964706659317017,
0.8476470112800598,
