shuffled_feature_mean_accuracy,unshuffled_feature_mean_accuracy
0.6419999999999999,0.612
0.8499999999999999,
0.85,
0.9,
0.824,
0.888,
0.858,
0.9780000000000001,
0.8119999999999998,
0.8599999999999999,
0.9,
0.894,
0.7040000000000002,
