shuffled_feature_mean_accuracy,unshuffled_feature_mean_accuracy
0.66,0.6779999999999999
0.862,
0.892,
0.9199999999999998,
0.866,
0.9039999999999999,
0.8640000000000001,
0.968,
0.8859999999999999,
0.846,
0.892,
0.8859999999999999,
0.696,
