shuffled_feature_mean_accuracy,unshuffled_feature_mean_accuracy
0.68,0.6139999999999999
0.8740000000000001,
0.8540000000000001,
0.9060000000000001,
0.9019999999999999,
0.8960000000000001,
0.846,
0.982,
0.8440000000000001,
0.818,
0.9060000000000001,
0.9199999999999998,
0.6639999999999999,
