shuffled_feature_mean_accuracy,unshuffled_feature_mean_accuracy
0.6359999999999999,0.6219999999999999
0.872,
0.848,
0.8860000000000001,
0.882,
0.8760000000000001,
0.872,
0.97,
0.834,
0.8220000000000001,
0.9179999999999999,
0.892,
0.694,
