shuffled_feature_mean_accuracy,unshuffled_feature_mean_accuracy
0.6479999999999998,0.6039999999999999
0.866,
0.8420000000000001,
0.9,
0.8760000000000001,
0.902,
0.8600000000000001,
0.9640000000000001,
0.882,
0.856,
0.9179999999999999,
0.91,
0.6920000000000001,
