shuffled_feature_mean_accuracy,unshuffled_feature_mean_accuracy
0.6739183068275452,0.5684897899627686
0.5324490070343018,
0.6184489727020264,
0.519428551197052,
0.5376325845718384,
0.5556734800338745,
0.5676326155662537,
0.5163265466690063,
0.5572653412818909,
0.5484489798545837,
0.5723673105239868,
0.591632604598999,
