shuffled_feature_mean_accuracy,unshuffled_feature_mean_accuracy
0.6770204305648804,0.5571836829185486
0.5605306625366211,
0.629428505897522,
0.533346951007843,
0.5559999942779541,
0.5731020569801331,
0.5547347068786621,
0.530734658241272,
0.5684490203857422,
0.5424081087112427,
0.5820407867431641,
0.6058775782585144,
