shuffled_feature_mean_accuracy,unshuffled_feature_mean_accuracy
0.6765713691711426,0.5692653059959412
0.5595510005950928,
0.6133061647415161,
0.5195510387420654,
0.5368163585662842,
0.5553877353668213,
0.5630612373352051,
0.5175510048866272,
0.5483265519142151,
0.5436734557151794,
0.563265323638916,
0.5982040762901306,
