shuffled_feature_mean_accuracy,unshuffled_feature_mean_accuracy
0.6793060302734375,0.5713061094284058
0.5558775067329407,
0.6304489970207214,
0.49110203981399536,
0.5251428484916687,
0.5719999670982361,
0.5522449612617493,
0.5099183917045593,
0.5771428942680359,
0.5382040739059448,
0.5653061270713806,
0.6038366556167603,
