shuffled_feature_mean_accuracy,unshuffled_feature_mean_accuracy
0.6657550930976868,0.5580407977104187
0.5488979816436768,
0.6234285831451416,
0.5034694075584412,
0.5449388027191162,
0.5578367710113525,
0.5468979477882385,
0.5170204043388367,
0.548285722732544,
0.5448163151741028,
0.5766531229019165,
0.5906530618667603,
