shuffled_feature_mean_accuracy,unshuffled_feature_mean_accuracy
0.9030666947364807,0.9593332409858704
0.942799985408783,
0.9482666850090027,
0.9361333250999451,
0.9403999447822571,
0.937333345413208,
0.9421333074569702,
0.9421334266662598,
0.9397334456443787,
0.9334667325019836,
0.9422666430473328,
0.9395999312400818,
0.9294666051864624,
