shuffled_feature_mean_accuracy,unshuffled_feature_mean_accuracy
0.8874666094779968,0.9583999514579773
0.942799985408783,
0.9441332817077637,
0.9349334239959717,
0.9399999976158142,
0.9426666498184204,
0.9409332871437073,
0.953200101852417,
0.9421333074569702,
0.939333438873291,
0.9445332884788513,
0.9411999583244324,
0.9305333495140076,
