shuffled_feature_mean_accuracy,unshuffled_feature_mean_accuracy
0.8856000304222107,0.9607999920845032
0.938933253288269,
0.9411999583244324,
0.9381332397460938,
0.9441334009170532,
0.9423999190330505,
0.9437334537506104,
0.949999988079071,
0.9433334469795227,
0.9398667216300964,
0.9430667757987976,
0.9394667148590088,
0.9300000667572021,
