shuffled_feature_mean_accuracy,unshuffled_feature_mean_accuracy
0.8949333429336548,0.9615999460220337
0.9430667161941528,
0.9479999542236328,
0.9413334727287292,
0.9382666945457458,
0.9399999380111694,
0.9421334266662598,
0.9488000273704529,
0.9420000314712524,
0.94159996509552,
0.9431999921798706,
0.9366666674613953,
0.9317333102226257,
