shuffled_feature_mean_accuracy,unshuffled_feature_mean_accuracy
0.8975999355316162,0.9613333940505981
0.9435999989509583,
0.948533296585083,
0.9380000829696655,
0.9386667013168335,
0.944266676902771,
0.9410666823387146,
0.9531999230384827,
0.9412000775337219,
0.9410666823387146,
0.940666675567627,
0.9356000423431396,
0.9318667054176331,
