shuffled_feature_mean_accuracy,unshuffled_feature_mean_accuracy
0.8079999685287476,0.9700000286102295
0.7600000500679016,
0.8680000305175781,
0.7820001244544983,
0.8600000739097595,
0.7800000905990601,
0.8600000739097595,
0.8680000901222229,
0.8180000185966492,
0.8859999775886536,
0.8040000796318054,
0.7400000691413879,
