shuffled_feature_mean_accuracy,unshuffled_feature_mean_accuracy
0.7660000324249268,0.9500000476837158
0.784000039100647,
0.878000020980835,
0.7800000905990601,
0.8860000371932983,
0.7880001068115234,
0.878000020980835,
0.8140000104904175,
0.828000009059906,
0.8660000562667847,
0.8319999575614929,
0.7060001492500305,
