shuffled_feature_mean_accuracy,unshuffled_feature_mean_accuracy
0.7740001082420349,0.9520000219345093
0.7580000162124634,
0.8440001010894775,
0.7660001516342163,
0.8520000576972961,
0.8180000185966492,
0.8720000386238098,
0.8540000319480896,
0.7820000648498535,
0.8560000658035278,
0.8420000672340393,
0.781999945640564,
