shuffled_feature_mean_accuracy,unshuffled_feature_mean_accuracy
0.7580000162124634,0.9380000233650208
0.8199999928474426,
0.8840001821517944,
0.818000078201294,
0.874000072479248,
0.812000036239624,
0.9040000438690186,
0.8259999752044678,
0.7820001244544983,
0.8679999709129333,
0.8380001187324524,
0.7820000648498535,
