shuffled_feature_mean_accuracy,unshuffled_feature_mean_accuracy
0.7160001397132874,0.9460000395774841
0.8180000185966492,
0.8680000901222229,
0.7760000824928284,
0.8560000061988831,
0.8140000104904175,
0.8800000548362732,
0.8160000443458557,
0.8219999670982361,
0.8819999694824219,
0.8060000538825989,
0.7620001435279846,
